1,http://www.imdb.com/title/tt0114709/?ref_=fn_al_tt_1
2,http://www.imdb.com/title/tt0113189/?ref_=fn_al_tt_1
3,http://www.imdb.com/title/tt0113101/?ref_=fn_al_tt_1
4,http://www.imdb.com/title/tt0113161/?ref_=fn_al_tt_1
5,http://www.imdb.com/title/tt0112722/?ref_=fn_al_tt_1
7,http://www.imdb.com/title/tt0114746/?ref_=fn_al_tt_1
8,http://www.imdb.com/title/tt0112431/?ref_=fn_al_tt_1
9,http://www.imdb.com/title/tt0112818/?ref_=fn_al_tt_1
10,http://www.imdb.com/title/tt0114279/?ref_=fn_al_tt_1
11,http://www.imdb.com/title/tt0114369/?ref_=fn_al_tt_1
12,http://www.imdb.com/title/tt0114814/?ref_=fn_al_tt_1
13,http://www.imdb.com/title/tt0113819/?ref_=fn_al_tt_1
14,http://www.imdb.com/title/tt0110877/?ref_=fn_al_tt_1
15,http://www.imdb.com/title/tt0113862/?ref_=fn_al_tt_1
16,http://www.imdb.com/title/tt0113149/?ref_=fn_al_tt_1
17,http://www.imdb.com/title/tt0116367/?ref_=fn_al_tt_1
18,http://www.imdb.com/title/tt0112445/?ref_=fn_al_tt_1
19,http://www.imdb.com/title/tt0112379/?ref_=fn_al_tt_1
20,http://www.imdb.com/title/tt0112365/?ref_=fn_al_tt_1
21,http://www.imdb.com/title/tt0117110/?ref_=fn_al_tt_1
22,http://www.imdb.com/title/tt0112573/?ref_=fn_al_tt_1
23,http://www.imdb.com/title/tt0075314/?ref_=fn_al_tt_1
24,http://www.imdb.com/title/tt0113326/?ref_=fn_al_tt_1
25,http://www.imdb.com/title/tt0115685/?ref_=fn_al_tt_1
26,http://www.imdb.com/title/tt6155832/?ref_=fn_al_tt_1
27,http://www.imdb.com/title/tt0112442/?ref_=fn_al_tt_1
28,http://www.imdb.com/title/tt0112384/?ref_=fn_al_tt_1
29,http://www.imdb.com/title/tt0112462/?ref_=fn_al_tt_1
30,http://www.imdb.com/title/tt0061395/?ref_=fn_al_tt_1
31,http://www.imdb.com/title/tt0112740/?ref_=fn_al_tt_1
32,http://www.imdb.com/title/tt0109508/?ref_=fn_al_tt_1
33,http://www.imdb.com/title/tt0112851/?ref_=fn_al_tt_1
34,http://www.imdb.com/title/tt0112887/?ref_=fn_al_tt_1
35,http://www.imdb.com/title/tt0113114/?ref_=fn_al_tt_1
36,http://www.imdb.com/title/tt0113729/?ref_=fn_al_tt_1
37,http://www.imdb.com/title/tt0110620/?ref_=fn_al_tt_1
38,http://www.imdb.com/title/tt0113957/?ref_=fn_al_tt_1
39,http://www.imdb.com/title/tt0114558/?ref_=fn_al_tt_1
40,http://www.imdb.com/title/tt0114682/?ref_=fn_al_tt_1
41,http://www.imdb.com/title/tt0112508/?ref_=fn_al_tt_1
42,http://www.imdb.com/title/tt0109445/?ref_=fn_al_tt_1
43,http://www.imdb.com/title/tt0109635/?ref_=fn_al_tt_1
44,http://www.imdb.com/title/tt0109642/?ref_=fn_al_tt_1
45,http://www.imdb.com/title/tt0111797/?ref_=fn_al_tt_1
46,http://www.imdb.com/title/tt0109759/?ref_=fn_al_tt_1
47,http://www.imdb.com/title/tt0109707/?ref_=fn_al_tt_1
48,http://www.imdb.com/title/tt0110057/?ref_=fn_al_tt_1
49,http://www.imdb.com/title/tt0110099/?ref_=fn_al_tt_1
50,http://www.imdb.com/title/tt6855750/?ref_=fn_al_tt_1
51,http://www.imdb.com/title/tt0110322/?ref_=fn_al_tt_1
52,http://www.imdb.com/title/tt0110428/?ref_=fn_al_tt_1
53,http://www.imdb.com/title/tt0110632/?ref_=fn_al_tt_1
54,http://www.imdb.com/title/tt0114069/?ref_=fn_al_tt_1
55,http://www.imdb.com/title/tt0111942/?ref_=fn_al_tt_1
56,http://www.imdb.com/title/tt0110912/?ref_=fn_al_tt_1
57,http://www.imdb.com/title/tt0110889/?ref_=fn_al_tt_1
58,http://www.imdb.com/title/tt0110932/?ref_=fn_al_tt_1
59,http://www.imdb.com/title/tt0111495/?ref_=fn_al_tt_1
60,http://www.imdb.com/title/tt0108394/?ref_=fn_al_tt_1
61,http://www.imdb.com/title/tt0111507/?ref_=fn_al_tt_1
62,http://www.imdb.com/title/tt0111282/?ref_=fn_al_tt_1
63,http://www.imdb.com/title/tt5267640/?ref_=fn_al_tt_1
64,http://www.imdb.com/title/tt0111161/?ref_=fn_al_tt_1
65,http://www.imdb.com/title/tt0108550/?ref_=fn_al_tt_1
66,http://www.imdb.com/title/tt0114924/?ref_=fn_al_tt_1
67,http://www.imdb.com/title/tt0109040/?ref_=fn_al_tt_1
68,http://www.imdb.com/title/tt6819318/?ref_=fn_al_tt_1
69,http://www.imdb.com/title/tt0109830/?ref_=fn_al_tt_1
70,http://www.imdb.com/title/tt0109831/?ref_=fn_al_tt_1
71,http://www.imdb.com/title/tt0110357/?ref_=fn_al_tt_1
72,http://www.imdb.com/title/tt0110912/?ref_=fn_al_tt_1
73,http://www.imdb.com/title/tt0110478/?ref_=fn_al_tt_1
74,http://www.imdb.com/title/tt0059170/?ref_=fn_al_tt_1
75,http://www.imdb.com/title/tt0109339/?ref_=fn_al_tt_1
76,http://www.imdb.com/title/tt0106519/?ref_=fn_al_tt_1
77,http://www.imdb.com/title/tt0106918/?ref_=fn_al_tt_1
78,http://www.imdb.com/title/tt0106965/?ref_=fn_al_tt_1
79,http://www.imdb.com/title/tt0106977/?ref_=fn_al_tt_1
80,http://www.imdb.com/title/tt0107144/?ref_=fn_al_tt_1
81,http://www.imdb.com/title/tt0476515/?ref_=fn_al_tt_1
82,http://www.imdb.com/title/tt0107290/?ref_=fn_al_tt_1
83,http://www.imdb.com/title/tt0107616/?ref_=fn_al_tt_1
84,http://www.imdb.com/title/tt0111003/?ref_=fn_al_tt_1
85,http://www.imdb.com/title/tt0110955/?ref_=fn_al_tt_1
86,http://www.imdb.com/title/tt0452387/?ref_=fn_al_tt_1
87,http://www.imdb.com/title/tt0108065/?ref_=fn_al_tt_1
88,http://www.imdb.com/title/tt0108160/?ref_=fn_al_tt_1
89,http://www.imdb.com/title/tt0083658/?ref_=fn_al_tt_1
90,http://www.imdb.com/title/tt0108174/?ref_=fn_al_tt_1
91,http://www.imdb.com/title/tt0107688/?ref_=fn_al_tt_1
92,http://www.imdb.com/title/tt0108399/?ref_=fn_al_tt_1
93,http://www.imdb.com/title/tt0114906/?ref_=fn_al_tt_1
94,http://www.imdb.com/title/tt0099785/?ref_=fn_al_tt_1
95,http://www.imdb.com/title/tt0103639/?ref_=fn_al_tt_1
96,http://www.imdb.com/title/tt0244839/?ref_=fn_al_tt_1
97,http://www.imdb.com/title/tt0099348/?ref_=fn_al_tt_1
98,http://www.imdb.com/title/tt3645740/?ref_=fn_al_tt_1
99,http://www.imdb.com/title/tt0029583/?ref_=fn_al_tt_1
100,http://www.imdb.com/title/tt0116282/?ref_=fn_al_tt_1
101,http://www.imdb.com/title/tt0082509/?ref_=fn_al_tt_1
102,http://www.imdb.com/title/tt0065421/?ref_=fn_al_tt_1
103,http://www.imdb.com/title/tt0115509/?ref_=fn_al_tt_1
104,http://www.imdb.com/title/tt0114658/?ref_=fn_al_tt_1
105,http://www.imdb.com/title/tt0117608/?ref_=fn_al_tt_1
106,http://www.imdb.com/title/tt0116095/?ref_=fn_al_tt_1
107,http://www.imdb.com/title/tt0117071/?ref_=fn_al_tt_1
108,http://www.imdb.com/title/tt0116768/?ref_=fn_al_tt_1
109,http://www.imdb.com/title/tt0117128/?ref_=fn_al_tt_1
110,http://www.imdb.com/title/tt0114048/?ref_=fn_al_tt_1
111,http://www.imdb.com/title/tt0117979/?ref_=fn_al_tt_1
112,http://www.imdb.com/title/tt0116322/?ref_=fn_al_tt_1
113,http://www.imdb.com/title/tt0113362/?ref_=fn_al_tt_1
114,http://www.imdb.com/title/tt0118114/?ref_=fn_al_tt_1
115,http://www.imdb.com/title/tt0113270/?ref_=fn_al_tt_1
116,http://www.imdb.com/title/tt0112701/?ref_=fn_al_tt_1
117,http://www.imdb.com/title/tt0117500/?ref_=fn_al_tt_1
118,http://www.imdb.com/title/tt0117998/?ref_=fn_al_tt_1
119,http://www.imdb.com/title/tt0110480/?ref_=fn_al_tt_1
120,http://www.imdb.com/title/tt0117765/?ref_=fn_al_tt_1
121,http://www.imdb.com/title/tt0116629/?ref_=fn_al_tt_1
122,http://www.imdb.com/title/tt0115798/?ref_=fn_al_tt_1
123,http://www.imdb.com/title/tt6819266/?ref_=fn_al_tt_1
124,http://www.imdb.com/title/tt0116905/?ref_=fn_al_tt_1
125,http://www.imdb.com/title/tt0117333/?ref_=fn_al_tt_1
126,http://www.imdb.com/title/tt0117718/?ref_=fn_al_tt_1
127,http://www.imdb.com/title/tt0068646/?ref_=fn_al_tt_1
128,http://www.imdb.com/title/tt0104558/?ref_=fn_al_tt_1
129,http://www.imdb.com/title/tt0115736/?ref_=fn_al_tt_1
130,http://www.imdb.com/title/tt0116745/?ref_=fn_al_tt_1
131,http://www.imdb.com/title/tt0054698/?ref_=fn_al_tt_1
132,http://www.imdb.com/title/tt0771801/?ref_=fn_al_tt_1
133,http://www.imdb.com/title/tt0031381/?ref_=fn_al_tt_1
134,http://www.imdb.com/title/tt0033467/?ref_=fn_al_tt_1
135,http://www.imdb.com/title/tt0062622/?ref_=fn_al_tt_1
136,http://www.imdb.com/title/tt0031679/?ref_=fn_al_tt_1
137,http://www.imdb.com/title/tt0115678/?ref_=fn_al_tt_1
138,http://www.imdb.com/title/tt0116000/?ref_=fn_al_tt_1
140,http://www.imdb.com/title/tt0107131/?ref_=fn_al_tt_1
141,http://www.imdb.com/title/tt0046672/?ref_=fn_al_tt_1
142,http://www.imdb.com/title/tt0066817/?ref_=fn_al_tt_1
143,http://www.imdb.com/title/tt0059742/?ref_=fn_al_tt_1
144,http://www.imdb.com/title/tt0095016/?ref_=fn_al_tt_1
145,http://www.imdb.com/title/tt0104692/?ref_=fn_al_tt_1
146,http://www.imdb.com/title/tt0118044/?ref_=fn_al_tt_1
147,http://www.imdb.com/title/tt0116908/?ref_=fn_al_tt_1
148,http://www.imdb.com/title/tt0116409/?ref_=fn_al_tt_1
149,http://www.imdb.com/title/tt0116722/?ref_=fn_al_tt_1
150,http://www.imdb.com/title/tt0117802/?ref_=fn_al_tt_1
151,http://www.imdb.com/title/tt0067992/?ref_=fn_al_tt_1
152,http://www.imdb.com/title/tt0070707/?ref_=fn_al_tt_1
153,http://www.imdb.com/title/tt0095159/?ref_=fn_al_tt_1
154,http://www.imdb.com/title/tt0079470/?ref_=fn_al_tt_1
155,http://www.imdb.com/title/tt0092890/?ref_=fn_al_tt_1
156,http://www.imdb.com/title/tt0105236/?ref_=fn_al_tt_1
157,http://www.imdb.com/title/tt0091763/?ref_=fn_al_tt_1
158,http://www.imdb.com/title/tt0098627/?ref_=fn_al_tt_1
159,http://www.imdb.com/title/tt0103772/?ref_=fn_al_tt_1
160,http://www.imdb.com/title/tt0104348/?ref_=fn_al_tt_1
161,http://www.imdb.com/title/tt0092099/?ref_=fn_al_tt_1
162,http://www.imdb.com/title/tt0082846/?ref_=fn_al_tt_1
163,http://www.imdb.com/title/tt0072081/?ref_=fn_al_tt_1
164,http://www.imdb.com/title/tt0096754/?ref_=fn_al_tt_1
165,http://www.imdb.com/title/tt0091288/?ref_=fn_al_tt_1
166,http://www.imdb.com/title/tt0091480/?ref_=fn_al_tt_1
167,http://www.imdb.com/title/tt0081375/?ref_=fn_al_tt_1
168,http://www.imdb.com/title/tt0071853/?ref_=fn_al_tt_1
169,http://www.imdb.com/title/tt0108598/?ref_=fn_al_tt_1
170,http://www.imdb.com/title/tt0095765/?ref_=fn_al_tt_1
171,http://www.imdb.com/title/tt0101700/?ref_=fn_al_tt_1
172,http://www.imdb.com/title/tt2266455/?ref_=fn_al_tt_1
173,http://www.imdb.com/title/tt0093779/?ref_=fn_al_tt_1
174,http://www.imdb.com/title/tt0082971/?ref_=fn_al_tt_1
175,http://www.imdb.com/title/tt0088846/?ref_=fn_al_tt_1
176,http://www.imdb.com/title/tt0090605/?ref_=fn_al_tt_1
177,http://www.imdb.com/title/tt4666816/?ref_=fn_al_tt_1
178,http://www.imdb.com/title/tt0050083/?ref_=fn_al_tt_1
179,http://www.imdb.com/title/tt0066921/?ref_=fn_al_tt_1
180,http://www.imdb.com/title/tt0078788/?ref_=fn_al_tt_1
181,http://www.imdb.com/title/tt2301123/?ref_=fn_al_tt_1
182,http://www.imdb.com/title/tt0099685/?ref_=fn_al_tt_1
183,http://www.imdb.com/title/tt0078748/?ref_=fn_al_tt_1
184,http://www.imdb.com/title/tt0106308/?ref_=fn_al_tt_1
185,http://www.imdb.com/title/tt0054215/?ref_=fn_al_tt_1
186,http://www.imdb.com/title/tt6699420/?ref_=fn_al_tt_1
187,http://www.imdb.com/title/tt0071562/?ref_=fn_al_tt_1
188,http://www.imdb.com/title/tt0093058/?ref_=fn_al_tt_1
190,http://www.imdb.com/title/tt0097499/?ref_=fn_al_tt_1
191,http://www.imdb.com/title/tt0086879/?ref_=fn_al_tt_1
192,http://www.imdb.com/title/tt0081398/?ref_=fn_al_tt_1
193,http://www.imdb.com/title/tt1453707/?ref_=fn_al_tt_1
194,http://www.imdb.com/title/tt0070735/?ref_=fn_al_tt_1
195,http://www.imdb.com/title/tt0851851/?ref_=fn_al_tt_1
196,http://www.imdb.com/title/tt0097165/?ref_=fn_al_tt_1
197,http://www.imdb.com/title/tt0061722/?ref_=fn_al_tt_1
198,http://www.imdb.com/title/tt0100263/?ref_=fn_al_tt_1
199,http://www.imdb.com/title/tt0050212/?ref_=fn_al_tt_1
200,http://www.imdb.com/title/tt0081505/?ref_=fn_al_tt_1
201,http://www.imdb.com/title/tt0092991/?ref_=fn_al_tt_1
202,http://www.imdb.com/title/tt0107048/?ref_=fn_al_tt_1
203,http://www.imdb.com/title/tt0105695/?ref_=fn_al_tt_1
204,http://www.imdb.com/title/tt0088763/?ref_=fn_al_tt_1
205,http://www.imdb.com/title/tt0066206/?ref_=fn_al_tt_1
206,http://www.imdb.com/title/tt0094625/?ref_=fn_al_tt_1
207,http://www.imdb.com/title/tt0099334/?ref_=fn_al_tt_1
208,http://www.imdb.com/title/tt0072431/?ref_=fn_al_tt_1
209,http://www.imdb.com/title/tt0088258/?ref_=fn_al_tt_1
210,http://www.imdb.com/title/tt0097576/?ref_=fn_al_tt_1
211,http://www.imdb.com/title/tt0066026/?ref_=fn_al_tt_1
212,http://www.imdb.com/title/tt0096332/?ref_=fn_al_tt_1
213,http://www.imdb.com/title/tt0707877/?ref_=fn_al_tt_1
214,http://www.imdb.com/title/tt0084503/?ref_=fn_al_tt_1
215,http://www.imdb.com/title/tt0097351/?ref_=fn_al_tt_1
216,http://www.imdb.com/title/tt0098635/?ref_=fn_al_tt_1
217,http://www.imdb.com/title/tt0103874/?ref_=fn_al_tt_1
218,http://www.imdb.com/title/tt0101540/?ref_=fn_al_tt_1
219,http://www.imdb.com/title/tt0087800/?ref_=fn_al_tt_1
220,http://www.imdb.com/title/tt0117057/?ref_=fn_al_tt_1
221,http://www.imdb.com/title/tt0115751/?ref_=fn_al_tt_1
222,http://www.imdb.com/title/tt1776302/?ref_=fn_al_tt_1
223,http://www.imdb.com/title/tt0117666/?ref_=fn_al_tt_1
224,http://www.imdb.com/title/tt0117477/?ref_=fn_al_tt_1
225,http://www.imdb.com/title/tt0115433/?ref_=fn_al_tt_1
226,http://www.imdb.com/title/tt0099423/?ref_=fn_al_tt_1
227,http://www.imdb.com/title/tt0102975/?ref_=fn_al_tt_1
228,http://www.imdb.com/title/tt0084726/?ref_=fn_al_tt_1
229,http://www.imdb.com/title/tt0088170/?ref_=fn_al_tt_1
230,http://www.imdb.com/title/tt0092007/?ref_=fn_al_tt_1
231,http://www.imdb.com/title/tt0103776/?ref_=fn_al_tt_1
232,http://www.imdb.com/title/tt0096487/?ref_=fn_al_tt_1
233,http://www.imdb.com/title/tt0105690/?ref_=fn_al_tt_1
234,http://www.imdb.com/title/tt0073195/?ref_=fn_al_tt_1
235,http://www.imdb.com/title/tt0116996/?ref_=fn_al_tt_1
236,http://www.imdb.com/title/tt0115906/?ref_=fn_al_tt_1
237,http://www.imdb.com/title/tt0116695/?ref_=fn_al_tt_1
238,http://www.imdb.com/title/tt0093822/?ref_=fn_al_tt_1
239,http://www.imdb.com/title/tt0105435/?ref_=fn_al_tt_1
240,http://www.imdb.com/title/tt0115641/?ref_=fn_al_tt_1
241,http://www.imdb.com/title/tt0104691/?ref_=fn_al_tt_1
242,http://www.imdb.com/title/tt0116790/?ref_=fn_al_tt_1
244,http://www.imdb.com/title/tt0120152/?ref_=fn_al_tt_1
245,http://www.imdb.com/title/tt0118972/?ref_=fn_al_tt_1
246,http://www.imdb.com/title/tt0118842/?ref_=fn_al_tt_1
247,http://www.imdb.com/title/tt0120389/?ref_=fn_al_tt_1
248,http://www.imdb.com/title/tt0119229/?ref_=fn_al_tt_1
249,http://www.imdb.com/title/tt0118655/?ref_=fn_al_tt_1
250,http://www.imdb.com/title/tt0119116/?ref_=fn_al_tt_1
251,http://www.imdb.com/title/tt0117615/?ref_=fn_al_tt_1
252,http://www.imdb.com/title/tt0119567/?ref_=fn_al_tt_1
253,http://www.imdb.com/title/tt6166230/?ref_=fn_al_tt_1
254,http://www.imdb.com/title/tt0118688/?ref_=fn_al_tt_1
255,http://www.imdb.com/title/tt0119738/?ref_=fn_al_tt_1
256,http://www.imdb.com/title/tt0115856/?ref_=fn_al_tt_1
257,http://www.imdb.com/title/tt0119654/?ref_=fn_al_tt_1
258,http://www.imdb.com/title/tt0118884/?ref_=fn_al_tt_1
259,http://www.imdb.com/title/tt0119190/?ref_=fn_al_tt_1
260,http://www.imdb.com/title/tt0119081/?ref_=fn_al_tt_1
261,http://www.imdb.com/title/tt0118570/?ref_=fn_al_tt_1
262,http://www.imdb.com/title/tt0119361/?ref_=fn_al_tt_1
263,http://www.imdb.com/title/tt0120207/?ref_=fn_al_tt_1
264,http://www.imdb.com/title/tt0119675/?ref_=fn_al_tt_1
265,http://www.imdb.com/title/tt0099810/?ref_=fn_al_tt_1
266,http://www.imdb.com/title/tt0119484/?ref_=fn_al_tt_1
267,http://www.imdb.com/title/tt1401152/?ref_=fn_al_tt_1
268,http://www.imdb.com/title/tt0118842/?ref_=fn_al_tt_1
269,http://www.imdb.com/title/tt0119164/?ref_=fn_al_tt_1
270,http://www.imdb.com/title/tt0119177/?ref_=fn_al_tt_1
271,http://www.imdb.com/title/tt0120201/?ref_=fn_al_tt_1
272,http://www.imdb.com/title/tt0119217/?ref_=fn_al_tt_1
273,http://www.imdb.com/title/tt0113277/?ref_=fn_al_tt_1
274,http://www.imdb.com/title/tt0114319/?ref_=fn_al_tt_1
275,http://www.imdb.com/title/tt0114388/?ref_=fn_al_tt_1
276,http://www.imdb.com/title/tt0113627/?ref_=fn_al_tt_1
277,http://www.imdb.com/title/tt0114272/?ref_=fn_al_tt_1
278,http://www.imdb.com/title/tt0115644/?ref_=fn_al_tt_1
279,http://www.imdb.com/title/tt0114039/?ref_=fn_al_tt_1
280,http://www.imdb.com/title/tt0497080/?ref_=fn_al_tt_1
281,http://www.imdb.com/title/tt0110997/?ref_=fn_al_tt_1
282,http://www.imdb.com/title/tt4439176/?ref_=fn_al_tt_1
283,http://www.imdb.com/title/tt0116191/?ref_=fn_al_tt_1
284,http://www.imdb.com/title/tt0117918/?ref_=fn_al_tt_1
285,http://www.imdb.com/title/tt0117589/?ref_=fn_al_tt_1
286,http://www.imdb.com/title/tt0116209/?ref_=fn_al_tt_1
287,http://www.imdb.com/title/tt0116999/?ref_=fn_al_tt_1
288,http://www.imdb.com/title/tt0117571/?ref_=fn_al_tt_1
289,http://www.imdb.com/title/tt0116250/?ref_=fn_al_tt_1
290,http://www.imdb.com/title/tt0119115/?ref_=fn_al_tt_1
291,http://www.imdb.com/title/tt0118548/?ref_=fn_al_tt_1
292,http://www.imdb.com/title/tt0120036/?ref_=fn_al_tt_1
293,http://www.imdb.com/title/tt0119008/?ref_=fn_al_tt_1
294,http://www.imdb.com/title/tt0119528/?ref_=fn_al_tt_1
295,http://www.imdb.com/title/tt0118771/?ref_=fn_al_tt_1
296,http://www.imdb.com/title/tt0117398/?ref_=fn_al_tt_1
297,http://www.imdb.com/title/tt0120402/?ref_=fn_al_tt_1
298,http://www.imdb.com/title/tt0119094/?ref_=fn_al_tt_1
299,http://www.imdb.com/title/tt0119311/?ref_=fn_al_tt_1
300,http://www.imdb.com/title/tt0118571/?ref_=fn_al_tt_1
301,http://www.imdb.com/title/tt0119360/?ref_=fn_al_tt_1
302,http://www.imdb.com/title/tt0119488/?ref_=fn_al_tt_1
303,http://www.imdb.com/title/tt0120402/?ref_=fn_al_tt_1
304,http://www.imdb.com/title/tt0116329/?ref_=fn_al_tt_1
305,http://www.imdb.com/title/tt0119349/?ref_=fn_al_tt_1
306,http://www.imdb.com/title/tt0119280/?ref_=fn_al_tt_1
307,http://www.imdb.com/title/tt0118971/?ref_=fn_al_tt_1
308,http://www.imdb.com/title/tt0119095/?ref_=fn_al_tt_1
309,http://www.imdb.com/title/tt0119527/?ref_=fn_al_tt_1
310,http://www.imdb.com/title/tt0541748/?ref_=fn_al_tt_1
311,http://www.imdb.com/title/tt1013676/?ref_=fn_al_tt_1
312,http://www.imdb.com/title/tt0119668/?ref_=fn_al_tt_1
313,http://www.imdb.com/title/tt0120338/?ref_=fn_al_tt_1
314,http://www.imdb.com/title/tt0118539/?ref_=fn_al_tt_1
315,http://www.imdb.com/title/tt0118636/?ref_=fn_al_tt_1
316,http://www.imdb.com/title/tt0119822/?ref_=fn_al_tt_1
317,http://www.imdb.com/title/tt0107207/?ref_=fn_al_tt_1
318,http://www.imdb.com/title/tt0108052/?ref_=fn_al_tt_1
319,http://www.imdb.com/title/tt0116242/?ref_=fn_al_tt_1
320,http://www.imdb.com/title/tt0117293/?ref_=fn_al_tt_1
321,http://www.imdb.com/title/tt0117091/?ref_=fn_al_tt_1
322,http://www.imdb.com/title/tt0119731/?ref_=fn_al_tt_1
323,http://www.imdb.com/title/tt0118928/?ref_=fn_al_tt_1
324,http://www.imdb.com/title/tt0116922/?ref_=fn_al_tt_1
325,http://www.imdb.com/title/tt0115964/?ref_=fn_al_tt_1
326,http://www.imdb.com/title/tt0119173/?ref_=fn_al_tt_1
327,http://www.imdb.com/title/tt0118887/?ref_=fn_al_tt_1
328,http://www.imdb.com/title/tt0118883/?ref_=fn_al_tt_1
329,http://www.imdb.com/title/tt0118966/?ref_=fn_al_tt_1
330,http://www.imdb.com/title/tt1683864/?ref_=fn_al_tt_1
331,http://www.imdb.com/title/tt0119051/?ref_=fn_al_tt_1
332,http://www.imdb.com/title/tt0119468/?ref_=fn_al_tt_1
333,http://www.imdb.com/title/tt0119174/?ref_=fn_al_tt_1
334,http://www.imdb.com/title/tt0120399/?ref_=fn_al_tt_1
335,http://www.imdb.com/title/tt0119326/?ref_=fn_al_tt_1
336,http://www.imdb.com/title/tt0119906/?ref_=fn_al_tt_1
337,http://www.imdb.com/title/tt0119324/?ref_=fn_al_tt_1
338,http://www.imdb.com/title/tt0118689/?ref_=fn_al_tt_1
339,http://www.imdb.com/title/tt0119592/?ref_=fn_al_tt_1
340,http://www.imdb.com/title/tt0118749/?ref_=fn_al_tt_1
341,http://www.imdb.com/title/tt0118901/?ref_=fn_al_tt_1
342,http://www.imdb.com/title/tt0120483/?ref_=fn_al_tt_1
343,http://www.imdb.com/title/tt0118583/?ref_=fn_al_tt_1
344,http://www.imdb.com/title/tt0118632/?ref_=fn_al_tt_1
345,http://www.imdb.com/title/tt0118954/?ref_=fn_al_tt_1
346,http://www.imdb.com/title/tt0119396/?ref_=fn_al_tt_1
347,http://www.imdb.com/title/tt0120885/?ref_=fn_al_tt_1
348,http://www.imdb.com/title/tt0118966/?ref_=fn_al_tt_1
349,http://www.imdb.com/title/tt0120696/?ref_=fn_al_tt_1
350,http://www.imdb.com/title/tt0119099/?ref_=fn_al_tt_1
351,http://www.imdb.com/title/tt0118643/?ref_=fn_al_tt_1
352,http://www.imdb.com/title/tt0120185/?ref_=fn_al_tt_1
353,http://www.imdb.com/title/tt0118956/?ref_=fn_al_tt_1
354,http://www.imdb.com/title/tt0120888/?ref_=fn_al_tt_1
355,http://www.imdb.com/title/tt0120184/?ref_=fn_al_tt_1
356,http://www.imdb.com/title/tt0109446/?ref_=fn_al_tt_1
357,http://www.imdb.com/title/tt0073486/?ref_=fn_al_tt_1
358,http://www.imdb.com/title/tt0120177/?ref_=fn_al_tt_1
359,http://www.imdb.com/title/tt1419879/?ref_=fn_al_tt_1
360,http://www.imdb.com/title/tt0120529/?ref_=fn_al_tt_1
361,http://www.imdb.com/title/tt0119365/?ref_=fn_al_tt_1
362,http://www.imdb.com/title/tt0118747/?ref_=fn_al_tt_1
363,http://www.imdb.com/title/tt0114576/?ref_=fn_al_tt_1
364,http://www.imdb.com/title/tt0112281/?ref_=fn_al_tt_1
365,http://www.imdb.com/title/tt0114168/?ref_=fn_al_tt_1
366,http://www.imdb.com/title/tt0112792/?ref_=fn_al_tt_1
367,http://www.imdb.com/title/tt0112697/?ref_=fn_al_tt_1
368,http://www.imdb.com/title/tt0115683/?ref_=fn_al_tt_1
369,http://www.imdb.com/title/tt0115697/?ref_=fn_al_tt_1
370,http://www.imdb.com/title/tt0117002/?ref_=fn_al_tt_1
371,http://www.imdb.com/title/tt0112579/?ref_=fn_al_tt_1
372,http://www.imdb.com/title/tt0113464/?ref_=fn_al_tt_1
373,http://www.imdb.com/title/tt0113492/?ref_=fn_al_tt_1
374,http://www.imdb.com/title/tt0113820/?ref_=fn_al_tt_1
375,http://www.imdb.com/title/tt0114436/?ref_=fn_al_tt_1
376,http://www.imdb.com/title/tt0570070/?ref_=fn_al_tt_1
377,http://www.imdb.com/title/tt0110006/?ref_=fn_al_tt_1
378,http://www.imdb.com/title/tt0110527/?ref_=fn_al_tt_1
379,http://www.imdb.com/title/tt0114608/?ref_=fn_al_tt_1
380,http://www.imdb.com/title/tt0111280/?ref_=fn_al_tt_1
381,http://www.imdb.com/title/tt0110598/?ref_=fn_al_tt_1
382,http://www.imdb.com/title/tt0109045/?ref_=fn_al_tt_1
383,http://www.imdb.com/title/tt7266162/?ref_=fn_al_tt_1
384,http://www.imdb.com/title/tt0110622/?ref_=fn_al_tt_1
385,http://www.imdb.com/title/tt0111503/?ref_=fn_al_tt_1
386,http://www.imdb.com/title/tt0106220/?ref_=fn_al_tt_1
387,http://www.imdb.com/title/tt0402289/?ref_=fn_al_tt_1
388,http://www.imdb.com/title/tt0109254/?ref_=fn_al_tt_1
389,http://www.imdb.com/title/tt0109279/?ref_=fn_al_tt_1
390,http://www.imdb.com/title/tt0106880/?ref_=fn_al_tt_1
391,http://www.imdb.com/title/tt0107362/?ref_=fn_al_tt_1
392,http://www.imdb.com/title/tt0107501/?ref_=fn_al_tt_1
393,http://www.imdb.com/title/tt0107614/?ref_=fn_al_tt_1
394,http://www.imdb.com/title/tt0110939/?ref_=fn_al_tt_1
395,http://www.imdb.com/title/tt0107977/?ref_=fn_al_tt_1
396,http://www.imdb.com/title/tt0111127/?ref_=fn_al_tt_1
397,http://www.imdb.com/title/tt0108238/?ref_=fn_al_tt_1
398,http://www.imdb.com/title/tt0108255/?ref_=fn_al_tt_1
399,http://www.imdb.com/title/tt0232399/?ref_=fn_al_tt_1
400,http://www.imdb.com/title/tt3633424/?ref_=fn_al_tt_1
401,http://www.imdb.com/title/tt0112572/?ref_=fn_al_tt_1
402,http://www.imdb.com/title/tt0099653/?ref_=fn_al_tt_1
403,http://www.imdb.com/title/tt0096895/?ref_=fn_al_tt_1
404,http://www.imdb.com/title/tt0032910/?ref_=fn_al_tt_1
405,http://www.imdb.com/title/tt0117060/?ref_=fn_al_tt_1
406,http://www.imdb.com/title/tt0117894/?ref_=fn_al_tt_1
407,http://www.imdb.com/title/tt0117723/?ref_=fn_al_tt_1
408,http://www.imdb.com/title/tt0112691/?ref_=fn_al_tt_1
409,http://www.imdb.com/title/tt0116669/?ref_=fn_al_tt_1
410,http://www.imdb.com/title/tt0116778/?ref_=fn_al_tt_1
411,http://www.imdb.com/title/tt6154574/?ref_=fn_al_tt_1
412,http://www.imdb.com/title/tt0118073/?ref_=fn_al_tt_1
413,http://www.imdb.com/title/tt0117826/?ref_=fn_al_tt_1
414,http://www.imdb.com/title/tt0084370/?ref_=fn_al_tt_1
415,http://www.imdb.com/title/tt0072653/?ref_=fn_al_tt_1
416,http://www.imdb.com/title/tt0050798/?ref_=fn_al_tt_1
417,http://www.imdb.com/title/tt5289804/?ref_=fn_al_tt_1
418,http://www.imdb.com/title/tt0042332/?ref_=fn_al_tt_1
419,http://www.imdb.com/title/tt0058331/?ref_=fn_al_tt_1
420,http://www.imdb.com/title/tt0043274/?ref_=fn_al_tt_1
421,http://www.imdb.com/title/tt0117509/?ref_=fn_al_tt_1
422,http://www.imdb.com/title/tt0115491/?ref_=fn_al_tt_1
423,http://www.imdb.com/title/tt0083866/?ref_=fn_al_tt_1
424,http://www.imdb.com/title/tt0115885/?ref_=fn_al_tt_1
425,http://www.imdb.com/title/tt0103850/?ref_=fn_al_tt_1
426,http://www.imdb.com/title/tt0092106/?ref_=fn_al_tt_1
427,http://www.imdb.com/title/tt0056592/?ref_=fn_al_tt_1
428,http://www.imdb.com/title/tt0067185/?ref_=fn_al_tt_1
429,http://www.imdb.com/title/tt0970416/?ref_=fn_al_tt_1
430,http://www.imdb.com/title/tt0023969/?ref_=fn_al_tt_1
431,http://www.imdb.com/title/tt0091203/?ref_=fn_al_tt_1
432,http://www.imdb.com/title/tt0032455/?ref_=fn_al_tt_1
433,http://www.imdb.com/title/tt2304672/?ref_=fn_al_tt_1
434,http://www.imdb.com/title/tt0049223/?ref_=fn_al_tt_1
435,http://www.imdb.com/title/tt0064115/?ref_=fn_al_tt_1
436,http://www.imdb.com/title/tt0082010/?ref_=fn_al_tt_1
437,http://www.imdb.com/title/tt0103678/?ref_=fn_al_tt_1
438,http://www.imdb.com/title/tt0085159/?ref_=fn_al_tt_1
439,http://www.imdb.com/title/tt0106262/?ref_=fn_al_tt_1
440,http://www.imdb.com/title/tt0083550/?ref_=fn_al_tt_1
441,http://www.imdb.com/title/tt0078767/?ref_=fn_al_tt_1
442,http://www.imdb.com/title/tt0099030/?ref_=fn_al_tt_1
443,http://www.imdb.com/title/tt0056869/?ref_=fn_al_tt_1
444,http://www.imdb.com/title/tt4526666/?ref_=fn_al_tt_1
445,http://www.imdb.com/title/tt4810784/?ref_=fn_al_tt_1
446,http://www.imdb.com/title/tt0074258/?ref_=fn_al_tt_1
447,http://www.imdb.com/title/tt0074285/?ref_=fn_al_tt_1
448,http://www.imdb.com/title/tt0075005/?ref_=fn_al_tt_1
449,http://www.imdb.com/title/tt0079945/?ref_=fn_al_tt_1
450,http://www.imdb.com/title/tt0098382/?ref_=fn_al_tt_1
451,http://www.imdb.com/title/tt0077631/?ref_=fn_al_tt_1
452,http://www.imdb.com/title/tt0077766/?ref_=fn_al_tt_1
453,http://www.imdb.com/title/tt0085750/?ref_=fn_al_tt_1
454,http://www.imdb.com/title/tt0115633/?ref_=fn_al_tt_1
455,http://www.imdb.com/title/tt0116704/?ref_=fn_al_tt_1
456,http://www.imdb.com/title/tt0118708/?ref_=fn_al_tt_1
457,http://www.imdb.com/title/tt0119152/?ref_=fn_al_tt_1
458,http://www.imdb.com/title/tt0113987/?ref_=fn_al_tt_1
459,http://www.imdb.com/title/tt0112749/?ref_=fn_al_tt_1
460,http://www.imdb.com/title/tt6149508/?ref_=fn_al_tt_1
461,http://www.imdb.com/title/tt0114478/?ref_=fn_al_tt_1
462,http://www.imdb.com/title/tt0103994/?ref_=fn_al_tt_1
463,http://www.imdb.com/title/tt0111112/?ref_=fn_al_tt_1
464,http://www.imdb.com/title/tt0111590/?ref_=fn_al_tt_1
465,http://www.imdb.com/title/tt5511296/?ref_=fn_al_tt_1
466,http://www.imdb.com/title/tt0105226/?ref_=fn_al_tt_1
467,http://www.imdb.com/title/tt0106489/?ref_=fn_al_tt_1
468,http://www.imdb.com/title/tt0108002/?ref_=fn_al_tt_1
469,http://www.imdb.com/title/tt0108122/?ref_=fn_al_tt_1
470,http://www.imdb.com/title/tt0108358/?ref_=fn_al_tt_1
471,http://www.imdb.com/title/tt0115956/?ref_=fn_al_tt_1
472,http://www.imdb.com/title/tt0116136/?ref_=fn_al_tt_1
473,http://www.imdb.com/title/tt0116683/?ref_=fn_al_tt_1
474,http://www.imdb.com/title/tt0057012/?ref_=fn_al_tt_1
475,http://www.imdb.com/title/tt0117951/?ref_=fn_al_tt_1
476,http://www.imdb.com/title/tt0116313/?ref_=fn_al_tt_1
477,http://www.imdb.com/title/tt0117008/?ref_=fn_al_tt_1
478,http://www.imdb.com/title/tt0032904/?ref_=fn_al_tt_1
479,http://www.imdb.com/title/tt0052357/?ref_=fn_al_tt_1
480,http://www.imdb.com/title/tt0053125/?ref_=fn_al_tt_1
481,http://www.imdb.com/title/tt1819509/?ref_=fn_al_tt_1
482,http://www.imdb.com/title/tt0053291/?ref_=fn_al_tt_1
483,http://www.imdb.com/title/tt0034583/?ref_=fn_al_tt_1
484,http://www.imdb.com/title/tt0033870/?ref_=fn_al_tt_1
485,http://www.imdb.com/title/tt0058385/?ref_=fn_al_tt_1
486,http://www.imdb.com/title/tt0047437/?ref_=fn_al_tt_1
487,http://www.imdb.com/title/tt0046250/?ref_=fn_al_tt_1
488,http://www.imdb.com/title/tt0043014/?ref_=fn_al_tt_1
489,http://www.imdb.com/title/tt0038787/?ref_=fn_al_tt_1
490,http://www.imdb.com/title/tt0048728/?ref_=fn_al_tt_1
491,http://www.imdb.com/title/tt0029843/?ref_=fn_al_tt_1
492,http://www.imdb.com/title/tt0048028/?ref_=fn_al_tt_1
493,http://www.imdb.com/title/tt0025878/?ref_=fn_al_tt_1
494,http://www.imdb.com/title/tt0032599/?ref_=fn_al_tt_1
495,http://www.imdb.com/title/tt0048960/?ref_=fn_al_tt_1
496,http://www.imdb.com/title/tt0038650/?ref_=fn_al_tt_1
497,http://www.imdb.com/title/tt0029947/?ref_=fn_al_tt_1
498,http://www.imdb.com/title/tt6558218/?ref_=fn_al_tt_1
499,http://www.imdb.com/title/tt0051459/?ref_=fn_al_tt_1
500,http://www.imdb.com/title/tt0116329/?ref_=fn_al_tt_1
501,http://www.imdb.com/title/tt0033563/?ref_=fn_al_tt_1
502,http://www.imdb.com/title/tt0066808/?ref_=fn_al_tt_1
503,http://www.imdb.com/title/tt0068334/?ref_=fn_al_tt_1
504,http://www.imdb.com/title/tt0061418/?ref_=fn_al_tt_1
505,http://www.imdb.com/title/tt0046912/?ref_=fn_al_tt_1
506,http://www.imdb.com/title/tt0048545/?ref_=fn_al_tt_1
507,http://www.imdb.com/title/tt0044081/?ref_=fn_al_tt_1
508,http://www.imdb.com/title/tt0117318/?ref_=fn_al_tt_1
509,http://www.imdb.com/title/tt0097937/?ref_=fn_al_tt_1
510,http://www.imdb.com/title/tt2404435/?ref_=fn_al_tt_1
511,http://www.imdb.com/title/tt0056172/?ref_=fn_al_tt_1
512,http://www.imdb.com/title/tt0093191/?ref_=fn_al_tt_1
513,http://www.imdb.com/title/tt0041959/?ref_=fn_al_tt_1
514,http://www.imdb.com/title/tt0075686/?ref_=fn_al_tt_1
515,http://www.imdb.com/title/tt0082096/?ref_=fn_al_tt_1
516,http://www.imdb.com/title/tt0085859/?ref_=fn_al_tt_1
517,http://www.imdb.com/title/tt0079522/?ref_=fn_al_tt_1
518,http://www.imdb.com/title/tt0100150/?ref_=fn_al_tt_1
519,http://www.imdb.com/title/tt0040897/?ref_=fn_al_tt_1
520,http://www.imdb.com/title/tt1543921/?ref_=fn_al_tt_1
521,http://www.imdb.com/title/tt0077416/?ref_=fn_al_tt_1
522,http://www.imdb.com/title/tt0090967/?ref_=fn_al_tt_1
523,http://www.imdb.com/title/tt0061512/?ref_=fn_al_tt_1
524,http://www.imdb.com/title/tt6808206/?ref_=fn_al_tt_1
525,http://www.imdb.com/title/tt0038355/?ref_=fn_al_tt_1
526,http://www.imdb.com/title/tt0052618/?ref_=fn_al_tt_1
527,http://www.imdb.com/title/tt0083987/?ref_=fn_al_tt_1
528,http://www.imdb.com/title/tt1217261/?ref_=fn_al_tt_1
529,http://www.imdb.com/title/tt0089606/?ref_=fn_al_tt_1
530,http://www.imdb.com/title/tt0073341/?ref_=fn_al_tt_1
531,http://www.imdb.com/title/tt0117631/?ref_=fn_al_tt_1
532,http://www.imdb.com/title/tt0116743/?ref_=fn_al_tt_1
533,http://www.imdb.com/title/tt0116041/?ref_=fn_al_tt_1
534,http://www.imdb.com/title/tt0120366/?ref_=fn_al_tt_1
535,http://www.imdb.com/title/tt0118556/?ref_=fn_al_tt_1
536,http://www.imdb.com/title/tt0117359/?ref_=fn_al_tt_1
537,http://www.imdb.com/title/tt0102494/?ref_=fn_al_tt_1
538,http://www.imdb.com/title/tt0118617/?ref_=fn_al_tt_1
540,http://www.imdb.com/title/tt0113845/?ref_=fn_al_tt_1
541,http://www.imdb.com/title/tt0113855/?ref_=fn_al_tt_1
542,http://www.imdb.com/title/tt0114148/?ref_=fn_al_tt_1
543,http://www.imdb.com/title/tt0113828/?ref_=fn_al_tt_1
544,http://www.imdb.com/title/tt0114660/?ref_=fn_al_tt_1
545,http://www.imdb.com/title/tt0114825/?ref_=fn_al_tt_1
546,http://www.imdb.com/title/tt0115759/?ref_=fn_al_tt_1
547,http://www.imdb.com/title/tt0115033/?ref_=fn_al_tt_1
548,http://www.imdb.com/title/tt0110647/?ref_=fn_al_tt_1
549,http://www.imdb.com/title/tt0114287/?ref_=fn_al_tt_1
550,http://www.imdb.com/title/tt0112864/?ref_=fn_al_tt_1
551,http://www.imdb.com/title/tt0113690/?ref_=fn_al_tt_1
552,http://www.imdb.com/title/tt0114508/?ref_=fn_al_tt_1
553,http://www.imdb.com/title/tt0114887/?ref_=fn_al_tt_1
554,http://www.imdb.com/title/tt0114898/?ref_=fn_al_tt_1
555,http://www.imdb.com/title/tt0114928/?ref_=fn_al_tt_1
556,http://www.imdb.com/title/tt0114938/?ref_=fn_al_tt_1
557,http://www.imdb.com/title/tt0109771/?ref_=fn_al_tt_1
558,http://www.imdb.com/title/tt0110005/?ref_=fn_al_tt_1
559,http://www.imdb.com/title/tt2218428/?ref_=fn_al_tt_1
560,http://www.imdb.com/title/tt0113538/?ref_=fn_al_tt_1
561,http://www.imdb.com/title/tt0109836/?ref_=fn_al_tt_1
562,http://www.imdb.com/title/tt7221904/?ref_=fn_al_tt_1
563,http://www.imdb.com/title/tt0112040/?ref_=fn_al_tt_1
564,http://www.imdb.com/title/tt0114609/?ref_=fn_al_tt_1
565,http://www.imdb.com/title/tt0114852/?ref_=fn_al_tt_1
566,http://www.imdb.com/title/tt0109444/?ref_=fn_al_tt_1
567,http://www.imdb.com/title/tt4992088/?ref_=fn_al_tt_1
568,http://www.imdb.com/title/tt0111257/?ref_=fn_al_tt_1
569,http://www.imdb.com/title/tt0111742/?ref_=fn_al_tt_1
570,http://www.imdb.com/title/tt0111756/?ref_=fn_al_tt_1
571,http://www.imdb.com/title/tt0106292/?ref_=fn_al_tt_1
572,http://www.imdb.com/title/tt0109303/?ref_=fn_al_tt_1
573,http://www.imdb.com/title/tt0106452/?ref_=fn_al_tt_1
574,http://www.imdb.com/title/tt0106471/?ref_=fn_al_tt_1
575,http://www.imdb.com/title/tt0109439/?ref_=fn_al_tt_1
576,http://www.imdb.com/title/tt0106582/?ref_=fn_al_tt_1
577,http://www.imdb.com/title/tt0106598/?ref_=fn_al_tt_1
578,http://www.imdb.com/title/tt0106697/?ref_=fn_al_tt_1
579,http://www.imdb.com/title/tt0106873/?ref_=fn_al_tt_1
580,http://www.imdb.com/title/tt0112966/?ref_=fn_al_tt_1
581,http://www.imdb.com/title/tt0107302/?ref_=fn_al_tt_1
582,http://www.imdb.com/title/tt0107822/?ref_=fn_al_tt_1
583,http://www.imdb.com/title/tt0107983/?ref_=fn_al_tt_1
584,http://www.imdb.com/title/tt1596204/?ref_=fn_al_tt_1
585,http://www.imdb.com/title/tt0108186/?ref_=fn_al_tt_1
586,http://www.imdb.com/title/tt0111400/?ref_=fn_al_tt_1
587,http://www.imdb.com/title/tt0107146/?ref_=fn_al_tt_1
588,http://www.imdb.com/title/tt0101414/?ref_=fn_al_tt_1
589,http://www.imdb.com/title/tt0065214/?ref_=fn_al_tt_1
590,http://www.imdb.com/title/tt0116514/?ref_=fn_al_tt_1
591,http://www.imdb.com/title/tt0117381/?ref_=fn_al_tt_1
592,http://www.imdb.com/title/tt0114736/?ref_=fn_al_tt_1
593,http://www.imdb.com/title/tt0108211/?ref_=fn_al_tt_1
594,http://www.imdb.com/title/tt0113280/?ref_=fn_al_tt_1
595,http://www.imdb.com/title/tt1655606/?ref_=fn_al_tt_1
596,http://www.imdb.com/title/tt0116583/?ref_=fn_al_tt_1
597,http://www.imdb.com/title/tt0116213/?ref_=fn_al_tt_1
598,http://www.imdb.com/title/tt0115680/?ref_=fn_al_tt_1
599,http://www.imdb.com/title/tt0106544/?ref_=fn_al_tt_1
601,http://www.imdb.com/title/tt0035896/?ref_=fn_al_tt_1
602,http://www.imdb.com/title/tt5003246/?ref_=fn_al_tt_1
603,http://www.imdb.com/title/tt0047396/?ref_=fn_al_tt_1
604,http://www.imdb.com/title/tt0025316/?ref_=fn_al_tt_1
605,http://www.imdb.com/title/tt0037059/?ref_=fn_al_tt_1
606,http://www.imdb.com/title/tt0042192/?ref_=fn_al_tt_1
607,http://www.imdb.com/title/tt0032976/?ref_=fn_al_tt_1
608,http://www.imdb.com/title/tt0038109/?ref_=fn_al_tt_1
609,http://www.imdb.com/title/tt0042451/?ref_=fn_al_tt_1
610,http://www.imdb.com/title/tt0051658/?ref_=fn_al_tt_1
611,http://www.imdb.com/title/tt0037008/?ref_=fn_al_tt_1
612,http://www.imdb.com/title/tt0029162/?ref_=fn_al_tt_1
613,http://www.imdb.com/title/tt0028010/?ref_=fn_al_tt_1
614,http://www.imdb.com/title/tt0049261/?ref_=fn_al_tt_1
615,http://www.imdb.com/title/tt0026029/?ref_=fn_al_tt_1
616,http://www.imdb.com/title/tt0063350/?ref_=fn_al_tt_1
617,http://www.imdb.com/title/tt0020697/?ref_=fn_al_tt_1
618,http://www.imdb.com/title/tt0048491/?ref_=fn_al_tt_1
619,http://www.imdb.com/title/tt0116259/?ref_=fn_al_tt_1
620,http://www.imdb.com/title/tt0115862/?ref_=fn_al_tt_1
621,http://www.imdb.com/title/tt0047977/?ref_=fn_al_tt_1
622,http://www.imdb.com/title/tt0054357/?ref_=fn_al_tt_1
623,http://www.imdb.com/title/tt0109127/?ref_=fn_al_tt_1
625,http://www.imdb.com/title/tt0057546/?ref_=fn_al_tt_1
626,http://www.imdb.com/title/tt0041890/?ref_=fn_al_tt_1
627,http://www.imdb.com/title/tt0102798/?ref_=fn_al_tt_1
628,http://www.imdb.com/title/tt0117665/?ref_=fn_al_tt_1
629,http://www.imdb.com/title/tt0084865/?ref_=fn_al_tt_1
630,http://www.imdb.com/title/tt1304955/?ref_=fn_al_tt_1
631,http://www.imdb.com/title/tt0104036/?ref_=fn_al_tt_1
632,http://www.imdb.com/title/tt0084707/?ref_=fn_al_tt_1
633,http://www.imdb.com/title/tt1067106/?ref_=fn_al_tt_1
634,http://www.imdb.com/title/tt0117040/?ref_=fn_al_tt_1
635,http://www.imdb.com/title/tt6868906/?ref_=fn_al_tt_1
636,http://www.imdb.com/title/tt0082340/?ref_=fn_al_tt_1
637,http://www.imdb.com/title/tt0082533/?ref_=fn_al_tt_1
638,http://www.imdb.com/title/tt0084589/?ref_=fn_al_tt_1
639,http://www.imdb.com/title/tt0078875/?ref_=fn_al_tt_1
640,http://www.imdb.com/title/tt0097108/?ref_=fn_al_tt_1
641,http://www.imdb.com/title/tt0050825/?ref_=fn_al_tt_1
642,http://www.imdb.com/title/tt0099703/?ref_=fn_al_tt_1
643,http://www.imdb.com/title/tt0110139/?ref_=fn_al_tt_1
644,http://www.imdb.com/title/tt2561666/?ref_=fn_al_tt_1
645,http://www.imdb.com/title/tt0100332/?ref_=fn_al_tt_1
646,http://www.imdb.com/title/tt0064116/?ref_=fn_al_tt_1
647,http://www.imdb.com/title/tt0089881/?ref_=fn_al_tt_1
648,http://www.imdb.com/title/tt0045061/?ref_=fn_al_tt_1
649,http://www.imdb.com/title/tt0087843/?ref_=fn_al_tt_1
650,http://www.imdb.com/title/tt0050976/?ref_=fn_al_tt_1
651,http://www.imdb.com/title/tt0097441/?ref_=fn_al_tt_1
652,http://www.imdb.com/title/tt0100519/?ref_=fn_al_tt_1
653,http://www.imdb.com/title/tt0052311/?ref_=fn_al_tt_1
654,http://www.imdb.com/title/tt0071315/?ref_=fn_al_tt_1
655,http://www.imdb.com/title/tt0092005/?ref_=fn_al_tt_1
656,http://www.imdb.com/title/tt0022100/?ref_=fn_al_tt_1
657,http://www.imdb.com/title/tt0368008/?ref_=fn_al_tt_1
658,http://www.imdb.com/title/tt0100436/?ref_=fn_al_tt_1
659,http://www.imdb.com/title/tt0036613/?ref_=fn_al_tt_1
660,http://www.imdb.com/title/tt0101921/?ref_=fn_al_tt_1
661,http://www.imdb.com/title/tt0044706/?ref_=fn_al_tt_1
662,http://www.imdb.com/title/tt0081534/?ref_=fn_al_tt_1
663,http://www.imdb.com/title/tt0078841/?ref_=fn_al_tt_1
664,http://www.imdb.com/title/tt0087884/?ref_=fn_al_tt_1
665,http://www.imdb.com/title/tt0103644/?ref_=fn_al_tt_1
666,http://www.imdb.com/title/tt0071233/?ref_=fn_al_tt_1
667,http://www.imdb.com/title/tt0075704/?ref_=fn_al_tt_1
668,http://www.imdb.com/title/tt0082818/?ref_=fn_al_tt_1
669,http://www.imdb.com/title/tt0101492/?ref_=fn_al_tt_1
670,http://www.imdb.com/title/tt0106452/?ref_=fn_al_tt_1
671,http://www.imdb.com/title/tt0026138/?ref_=fn_al_tt_1
672,http://www.imdb.com/title/tt0103919/?ref_=fn_al_tt_1
673,http://www.imdb.com/title/tt0055824/?ref_=fn_al_tt_1
674,http://www.imdb.com/title/tt0083722/?ref_=fn_al_tt_1
675,http://www.imdb.com/title/tt0013442/?ref_=fn_al_tt_1
676,http://www.imdb.com/title/tt0115988/?ref_=fn_al_tt_1
677,http://www.imdb.com/title/tt0116310/?ref_=fn_al_tt_1
678,http://www.imdb.com/title/tt0120461/?ref_=fn_al_tt_1
679,http://www.imdb.com/title/tt0816462/?ref_=fn_al_tt_1
680,http://www.imdb.com/title/tt0119484/?ref_=fn_al_tt_1
681,http://www.imdb.com/title/tt0120524/?ref_=fn_al_tt_1
682,http://www.imdb.com/title/tt0119345/?ref_=fn_al_tt_1
683,http://www.imdb.com/title/tt0120029/?ref_=fn_al_tt_1
684,http://www.imdb.com/title/tt0107206/?ref_=fn_al_tt_1
685,http://www.imdb.com/title/tt0116253/?ref_=fn_al_tt_1
686,http://www.imdb.com/title/tt0107808/?ref_=fn_al_tt_1
687,http://www.imdb.com/title/tt0119640/?ref_=fn_al_tt_1
688,http://www.imdb.com/title/tt0119509/?ref_=fn_al_tt_1
689,http://www.imdb.com/title/tt0119395/?ref_=fn_al_tt_1
690,http://www.imdb.com/title/tt0120102/?ref_=fn_al_tt_1
691,http://www.imdb.com/title/tt0118929/?ref_=fn_al_tt_1
692,http://www.imdb.com/title/tt0112346/?ref_=fn_al_tt_1
693,http://www.imdb.com/title/tt0112641/?ref_=fn_al_tt_1
694,http://www.imdb.com/title/tt0114117/?ref_=fn_al_tt_1
695,http://www.imdb.com/title/tt0113537/?ref_=fn_al_tt_1
696,http://www.imdb.com/title/tt0115907/?ref_=fn_al_tt_1
697,http://www.imdb.com/title/tt0112461/?ref_=fn_al_tt_1
698,http://www.imdb.com/title/tt0109340/?ref_=fn_al_tt_1
699,http://www.imdb.com/title/tt0110367/?ref_=fn_al_tt_1
700,http://www.imdb.com/title/tt0113808/?ref_=fn_al_tt_1
701,http://www.imdb.com/title/tt0107472/?ref_=fn_al_tt_1
702,http://www.imdb.com/title/tt0109219/?ref_=fn_al_tt_1
703,http://www.imdb.com/title/tt0111712/?ref_=fn_al_tt_1
704,http://www.imdb.com/title/tt0107151/?ref_=fn_al_tt_1
705,http://www.imdb.com/title/tt0045152/?ref_=fn_al_tt_1
706,http://www.imdb.com/title/tt0115610/?ref_=fn_al_tt_1
707,http://www.imdb.com/title/tt0101811/?ref_=fn_al_tt_1
708,http://www.imdb.com/title/tt0098724/?ref_=fn_al_tt_1
709,http://www.imdb.com/title/tt0105488/?ref_=fn_al_tt_1
710,http://www.imdb.com/title/tt0088794/?ref_=fn_al_tt_1
711,http://www.imdb.com/title/tt0117773/?ref_=fn_al_tt_1
712,http://www.imdb.com/title/tt0094155/?ref_=fn_al_tt_1
713,http://www.imdb.com/title/tt0114057/?ref_=fn_al_tt_1
714,http://www.imdb.com/title/tt0112637/?ref_=fn_al_tt_1
715,http://www.imdb.com/title/tt0114681/?ref_=fn_al_tt_1
716,http://www.imdb.com/title/tt0113321/?ref_=fn_al_tt_1
717,http://www.imdb.com/title/tt0116731/?ref_=fn_al_tt_1
718,http://www.imdb.com/title/tt0598888/?ref_=fn_al_tt_1
719,http://www.imdb.com/title/tt0109370/?ref_=fn_al_tt_1
720,http://www.imdb.com/title/tt0113071/?ref_=fn_al_tt_1
721,http://www.imdb.com/title/tt0113749/?ref_=fn_al_tt_1
722,http://www.imdb.com/title/tt0113986/?ref_=fn_al_tt_1
723,http://www.imdb.com/title/tt0112571/?ref_=fn_al_tt_1
724,http://www.imdb.com/title/tt0112679/?ref_=fn_al_tt_1
725,http://www.imdb.com/title/tt0109758/?ref_=fn_al_tt_1
726,http://www.imdb.com/title/tt0113089/?ref_=fn_al_tt_1
727,http://www.imdb.com/title/tt0110116/?ref_=fn_al_tt_1
728,http://www.imdb.com/title/tt0110216/?ref_=fn_al_tt_1
729,http://www.imdb.com/title/tt0110638/?ref_=fn_al_tt_1
730,http://www.imdb.com/title/tt0110963/?ref_=fn_al_tt_1
731,http://www.imdb.com/title/tt0109484/?ref_=fn_al_tt_1
732,http://www.imdb.com/title/tt0106673/?ref_=fn_al_tt_1
733,http://www.imdb.com/title/tt0109913/?ref_=fn_al_tt_1
734,http://www.imdb.com/title/tt0107478/?ref_=fn_al_tt_1
735,http://www.imdb.com/title/tt0107818/?ref_=fn_al_tt_1
736,http://www.imdb.com/title/tt0108101/?ref_=fn_al_tt_1
737,http://www.imdb.com/title/tt0111201/?ref_=fn_al_tt_1
738,http://www.imdb.com/title/tt0111418/?ref_=fn_al_tt_1
739,http://www.imdb.com/title/tt0100405/?ref_=fn_al_tt_1
740,http://www.imdb.com/title/tt0116684/?ref_=fn_al_tt_1
741,http://www.imdb.com/title/tt2000418/?ref_=fn_al_tt_1
742,http://www.imdb.com/title/tt0117438/?ref_=fn_al_tt_1
743,http://www.imdb.com/title/tt0115986/?ref_=fn_al_tt_1
744,http://www.imdb.com/title/tt0117039/?ref_=fn_al_tt_1
745,http://www.imdb.com/title/tt0069198/?ref_=fn_al_tt_1
746,http://www.imdb.com/title/tt0089886/?ref_=fn_al_tt_1
747,http://www.imdb.com/title/tt0106387/?ref_=fn_al_tt_1
748,http://www.imdb.com/title/tt0120053/?ref_=fn_al_tt_1
749,http://www.imdb.com/title/tt5191302/?ref_=fn_al_tt_1
750,http://www.imdb.com/title/tt0118607/?ref_=fn_al_tt_1
751,http://www.imdb.com/title/tt0120347/?ref_=fn_al_tt_1
752,http://www.imdb.com/title/tt0120008/?ref_=fn_al_tt_1
753,http://www.imdb.com/title/tt0111579/?ref_=fn_al_tt_1
754,http://www.imdb.com/title/tt0119994/?ref_=fn_al_tt_1
755,http://www.imdb.com/title/tt0113497/?ref_=fn_al_tt_1
756,http://www.imdb.com/title/tt0113041/?ref_=fn_al_tt_1
757,http://www.imdb.com/title/tt0112286/?ref_=fn_al_tt_1
758,http://www.imdb.com/title/tt0116839/?ref_=fn_al_tt_1
759,http://www.imdb.com/title/tt0113010/?ref_=fn_al_tt_1
760,http://www.imdb.com/title/tt0114367/?ref_=fn_al_tt_1
761,http://www.imdb.com/title/tt0113972/?ref_=fn_al_tt_1
762,http://www.imdb.com/title/tt0115639/?ref_=fn_al_tt_1
763,http://www.imdb.com/title/tt0116483/?ref_=fn_al_tt_1
764,http://www.imdb.com/title/tt0116606/?ref_=fn_al_tt_1
765,http://www.imdb.com/title/tt0103859/?ref_=fn_al_tt_1
766,http://www.imdb.com/title/tt0113756/?ref_=fn_al_tt_1
767,http://www.imdb.com/title/tt3663930/?ref_=fn_al_tt_1
768,http://www.imdb.com/title/tt0112642/?ref_=fn_al_tt_1
769,http://www.imdb.com/title/tt0112715/?ref_=fn_al_tt_1
770,http://www.imdb.com/title/tt0112857/?ref_=fn_al_tt_1
771,http://www.imdb.com/title/tt0113481/?ref_=fn_al_tt_1
772,http://www.imdb.com/title/tt0113540/?ref_=fn_al_tt_1
773,http://www.imdb.com/title/tt0110604/?ref_=fn_al_tt_1
774,http://www.imdb.com/title/tt0114194/?ref_=fn_al_tt_1
775,http://www.imdb.com/title/tt0114496/?ref_=fn_al_tt_1
776,http://www.imdb.com/title/tt0114663/?ref_=fn_al_tt_1
777,http://www.imdb.com/title/tt0112643/?ref_=fn_al_tt_1
778,http://www.imdb.com/title/tt0112883/?ref_=fn_al_tt_1
779,http://www.imdb.com/title/tt0109676/?ref_=fn_al_tt_1
780,http://www.imdb.com/title/tt0109686/?ref_=fn_al_tt_1
781,http://www.imdb.com/title/tt0113117/?ref_=fn_al_tt_1
782,http://www.imdb.com/title/tt0110365/?ref_=fn_al_tt_1
783,http://www.imdb.com/title/tt0110516/?ref_=fn_al_tt_1
784,http://www.imdb.com/title/tt0106402/?ref_=fn_al_tt_1
785,http://www.imdb.com/title/tt0110737/?ref_=fn_al_tt_1
786,http://www.imdb.com/title/tt1609903/?ref_=fn_al_tt_1
787,http://www.imdb.com/title/tt0114296/?ref_=fn_al_tt_1
788,http://www.imdb.com/title/tt0110965/?ref_=fn_al_tt_1
789,http://www.imdb.com/title/tt0114594/?ref_=fn_al_tt_1
790,http://www.imdb.com/title/tt0114694/?ref_=fn_al_tt_1
791,http://www.imdb.com/title/tt0112435/?ref_=fn_al_tt_1
792,http://www.imdb.com/title/tt0109348/?ref_=fn_al_tt_1
793,http://www.imdb.com/title/tt0109504/?ref_=fn_al_tt_1
794,http://www.imdb.com/title/tt0110167/?ref_=fn_al_tt_1
795,http://www.imdb.com/title/tt0110989/?ref_=fn_al_tt_1
796,http://www.imdb.com/title/tt0111256/?ref_=fn_al_tt_1
797,http://www.imdb.com/title/tt0111438/?ref_=fn_al_tt_1
798,http://www.imdb.com/title/tt0112443/?ref_=fn_al_tt_1
799,http://www.imdb.com/title/tt0164317/?ref_=fn_al_tt_1
800,http://www.imdb.com/title/tt0113409/?ref_=fn_al_tt_1
801,http://www.imdb.com/title/tt0109067/?ref_=fn_al_tt_1
802,http://www.imdb.com/title/tt0107076/?ref_=fn_al_tt_1
803,http://www.imdb.com/title/tt0107096/?ref_=fn_al_tt_1
804,http://www.imdb.com/title/tt0110197/?ref_=fn_al_tt_1
805,http://www.imdb.com/title/tt0107507/?ref_=fn_al_tt_1
806,http://www.imdb.com/title/tt0107554/?ref_=fn_al_tt_1
807,http://www.imdb.com/title/tt0107840/?ref_=fn_al_tt_1
808,http://www.imdb.com/title/tt0107889/?ref_=fn_al_tt_1
809,http://www.imdb.com/title/tt0107969/?ref_=fn_al_tt_1
810,http://www.imdb.com/title/tt6855746/?ref_=fn_al_tt_1
811,http://www.imdb.com/title/tt0108328/?ref_=fn_al_tt_1
812,http://www.imdb.com/title/tt0109120/?ref_=fn_al_tt_1
813,http://www.imdb.com/title/tt5553584/?ref_=fn_al_tt_1
814,http://www.imdb.com/title/tt0109934/?ref_=fn_al_tt_1
815,http://www.imdb.com/title/tt0117247/?ref_=fn_al_tt_1
816,http://www.imdb.com/title/tt0112625/?ref_=fn_al_tt_1
817,http://www.imdb.com/title/tt0113122/?ref_=fn_al_tt_1
818,http://www.imdb.com/title/tt0116414/?ref_=fn_al_tt_1
819,http://www.imdb.com/title/tt0116168/?ref_=fn_al_tt_1
820,http://www.imdb.com/title/tt0117705/?ref_=fn_al_tt_1
821,http://www.imdb.com/title/tt0117104/?ref_=fn_al_tt_1
822,http://www.imdb.com/title/tt0062952/?ref_=fn_al_tt_1
823,http://www.imdb.com/title/tt0117107/?ref_=fn_al_tt_1
824,http://www.imdb.com/title/tt6154544/?ref_=fn_al_tt_1
825,http://www.imdb.com/title/tt0115571/?ref_=fn_al_tt_1
826,http://www.imdb.com/title/tt6823324/?ref_=fn_al_tt_1
827,http://www.imdb.com/title/tt0116040/?ref_=fn_al_tt_1
828,http://www.imdb.com/title/tt0115493/?ref_=fn_al_tt_1
829,http://www.imdb.com/title/tt0116320/?ref_=fn_al_tt_1
831,http://www.imdb.com/title/tt0116225/?ref_=fn_al_tt_1
832,http://www.imdb.com/title/tt0115725/?ref_=fn_al_tt_1
833,http://www.imdb.com/title/tt0115783/?ref_=fn_al_tt_1
834,http://www.imdb.com/title/tt0113253/?ref_=fn_al_tt_1
835,http://www.imdb.com/title/tt0025164/?ref_=fn_al_tt_1
836,http://www.imdb.com/title/tt0031725/?ref_=fn_al_tt_1
837,http://www.imdb.com/title/tt0033891/?ref_=fn_al_tt_1
838,http://www.imdb.com/title/tt0091229/?ref_=fn_al_tt_1
839,http://www.imdb.com/title/tt1208041/?ref_=fn_al_tt_1
840,http://www.imdb.com/title/tt0116830/?ref_=fn_al_tt_1
841,http://www.imdb.com/title/tt0116421/?ref_=fn_al_tt_1
842,http://www.imdb.com/title/tt0054195/?ref_=fn_al_tt_1
843,http://www.imdb.com/title/tt2132787/?ref_=fn_al_tt_1
844,http://www.imdb.com/title/tt0116361/?ref_=fn_al_tt_1
845,http://www.imdb.com/title/tt0117887/?ref_=fn_al_tt_1
846,http://www.imdb.com/title/tt0117924/?ref_=fn_al_tt_1
847,http://www.imdb.com/title/tt0116913/?ref_=fn_al_tt_1
848,http://www.imdb.com/title/tt0037101/?ref_=fn_al_tt_1
849,http://www.imdb.com/title/tt0099371/?ref_=fn_al_tt_1
850,http://www.imdb.com/title/tt0117320/?ref_=fn_al_tt_1
851,http://www.imdb.com/title/tt4474042/?ref_=fn_al_tt_1
852,http://www.imdb.com/title/tt0115715/?ref_=fn_al_tt_1
853,http://www.imdb.com/title/tt4508316/?ref_=fn_al_tt_1
854,http://www.imdb.com/title/tt0092610/?ref_=fn_al_tt_1
855,http://www.imdb.com/title/tt0082269/?ref_=fn_al_tt_1
856,http://www.imdb.com/title/tt0102536/?ref_=fn_al_tt_1
857,http://www.imdb.com/title/tt0114093/?ref_=fn_al_tt_1
858,http://www.imdb.com/title/tt0115535/?ref_=fn_al_tt_1
859,http://www.imdb.com/title/tt0090655/?ref_=fn_al_tt_1
860,http://www.imdb.com/title/tt0241357/?ref_=fn_al_tt_1
862,http://www.imdb.com/title/tt0116705/?ref_=fn_al_tt_1
863,http://www.imdb.com/title/tt0065777/?ref_=fn_al_tt_1
864,http://www.imdb.com/title/tt0117119/?ref_=fn_al_tt_1
865,http://www.imdb.com/title/tt0119349/?ref_=fn_al_tt_1
866,http://www.imdb.com/title/tt0117038/?ref_=fn_al_tt_1
867,http://www.imdb.com/title/tt6173150/?ref_=fn_al_tt_1
868,http://www.imdb.com/title/tt0540247/?ref_=fn_al_tt_1
869,http://www.imdb.com/title/tt0119141/?ref_=fn_al_tt_1
870,http://www.imdb.com/title/tt0120357/?ref_=fn_al_tt_1
871,http://www.imdb.com/title/tt0120434/?ref_=fn_al_tt_1
872,http://www.imdb.com/title/tt0119572/?ref_=fn_al_tt_1
873,http://www.imdb.com/title/tt0119896/?ref_=fn_al_tt_1
874,http://www.imdb.com/title/tt0118818/?ref_=fn_al_tt_1
875,http://www.imdb.com/title/tt0120112/?ref_=fn_al_tt_1
876,http://www.imdb.com/title/tt0119695/?ref_=fn_al_tt_1
877,http://www.imdb.com/title/tt0119086/?ref_=fn_al_tt_1
878,http://www.imdb.com/title/tt0059793/?ref_=fn_al_tt_1
879,http://www.imdb.com/title/tt0589978/?ref_=fn_al_tt_1
880,http://www.imdb.com/title/tt0120169/?ref_=fn_al_tt_1
881,http://www.imdb.com/title/tt0119695/?ref_=fn_al_tt_1
882,http://www.imdb.com/title/tt0120481/?ref_=fn_al_tt_1
883,http://www.imdb.com/title/tt0120303/?ref_=fn_al_tt_1
884,http://www.imdb.com/title/tt0120539/?ref_=fn_al_tt_1
885,http://www.imdb.com/title/tt0119891/?ref_=fn_al_tt_1
886,http://www.imdb.com/title/tt0119535/?ref_=fn_al_tt_1
887,http://www.imdb.com/title/tt0119080/?ref_=fn_al_tt_1
888,http://www.imdb.com/title/tt0119832/?ref_=fn_al_tt_1
889,http://www.imdb.com/title/tt0120275/?ref_=fn_al_tt_1
890,http://www.imdb.com/title/tt0119707/?ref_=fn_al_tt_1
891,http://www.imdb.com/title/tt0118698/?ref_=fn_al_tt_1
892,http://www.imdb.com/title/tt0119137/?ref_=fn_al_tt_1
893,http://www.imdb.com/title/tt0119142/?ref_=fn_al_tt_1
894,http://www.imdb.com/title/tt0119303/?ref_=fn_al_tt_1
895,http://www.imdb.com/title/tt0120082/?ref_=fn_al_tt_1
896,http://www.imdb.com/title/tt5728946/?ref_=fn_al_tt_1
897,http://www.imdb.com/title/tt0128755/?ref_=fn_al_tt_1
898,http://www.imdb.com/title/tt0119925/?ref_=fn_al_tt_1
899,http://www.imdb.com/title/tt0120521/?ref_=fn_al_tt_1
900,http://www.imdb.com/title/tt0119485/?ref_=fn_al_tt_1
901,http://www.imdb.com/title/tt0119718/?ref_=fn_al_tt_1
902,http://www.imdb.com/title/tt0118715/?ref_=fn_al_tt_1
903,http://www.imdb.com/title/tt0118566/?ref_=fn_al_tt_1
904,http://www.imdb.com/title/tt0119590/?ref_=fn_al_tt_1
905,http://www.imdb.com/title/tt0119223/?ref_=fn_al_tt_1
906,http://www.imdb.com/title/tt0119843/?ref_=fn_al_tt_1
907,http://www.imdb.com/title/tt0120881/?ref_=fn_al_tt_1
908,http://www.imdb.com/title/tt0120693/?ref_=fn_al_tt_1
909,http://www.imdb.com/title/tt0118892/?ref_=fn_al_tt_1
910,http://www.imdb.com/title/tt0119792/?ref_=fn_al_tt_1
911,http://www.imdb.com/title/tt0119594/?ref_=fn_al_tt_1
912,http://www.imdb.com/title/tt0120873/?ref_=fn_al_tt_1
913,http://www.imdb.com/title/tt0119574/?ref_=fn_al_tt_1
914,http://www.imdb.com/title/tt0120890/?ref_=fn_al_tt_1
915,http://www.imdb.com/title/tt0119942/?ref_=fn_al_tt_1
916,http://www.imdb.com/title/tt0120738/?ref_=fn_al_tt_1
917,http://www.imdb.com/title/tt0120749/?ref_=fn_al_tt_1
918,http://www.imdb.com/title/tt0120632/?ref_=fn_al_tt_1
919,http://www.imdb.com/title/tt0112682/?ref_=fn_al_tt_1
920,http://www.imdb.com/title/tt0114753/?ref_=fn_al_tt_1
921,http://www.imdb.com/title/tt0106332/?ref_=fn_al_tt_1
922,http://www.imdb.com/title/tt0112817/?ref_=fn_al_tt_1
923,http://www.imdb.com/title/tt0101640/?ref_=fn_al_tt_1
924,http://www.imdb.com/title/tt0118158/?ref_=fn_al_tt_1
925,http://www.imdb.com/title/tt0118040/?ref_=fn_al_tt_1
926,http://www.imdb.com/title/tt0116130/?ref_=fn_al_tt_1
927,http://www.imdb.com/title/tt0113083/?ref_=fn_al_tt_1
928,http://www.imdb.com/title/tt0115963/?ref_=fn_al_tt_1
929,http://www.imdb.com/title/tt0116493/?ref_=fn_al_tt_1
930,http://www.imdb.com/title/tt0115857/?ref_=fn_al_tt_1
931,http://www.imdb.com/title/tt0116654/?ref_=fn_al_tt_1
932,http://www.imdb.com/title/tt0116311/?ref_=fn_al_tt_1
933,http://www.imdb.com/title/tt0116378/?ref_=fn_al_tt_1
934,http://www.imdb.com/title/tt0117372/?ref_=fn_al_tt_1
935,http://www.imdb.com/title/tt0119859/?ref_=fn_al_tt_1
936,http://www.imdb.com/title/tt0115744/?ref_=fn_al_tt_1
937,http://www.imdb.com/title/tt0120323/?ref_=fn_al_tt_1
938,http://www.imdb.com/title/tt0120151/?ref_=fn_al_tt_1
939,http://www.imdb.com/title/tt0113870/?ref_=fn_al_tt_1
940,http://www.imdb.com/title/tt0109068/?ref_=fn_al_tt_1
941,http://www.imdb.com/title/tt0111732/?ref_=fn_al_tt_1
942,http://www.imdb.com/title/tt0108551/?ref_=fn_al_tt_1
943,http://www.imdb.com/title/tt6140916/?ref_=fn_al_tt_1
944,http://www.imdb.com/title/tt0110971/?ref_=fn_al_tt_1
945,http://www.imdb.com/title/tt0056923/?ref_=fn_al_tt_1
946,http://www.imdb.com/title/tt0082406/?ref_=fn_al_tt_1
947,http://www.imdb.com/title/tt0095250/?ref_=fn_al_tt_1
948,http://www.imdb.com/title/tt0118750/?ref_=fn_al_tt_1
949,http://www.imdb.com/title/tt0113347/?ref_=fn_al_tt_1
950,http://www.imdb.com/title/tt0113158/?ref_=fn_al_tt_1
951,http://www.imdb.com/title/tt0113419/?ref_=fn_al_tt_1
952,http://www.imdb.com/title/tt0112541/?ref_=fn_al_tt_1
953,http://www.imdb.com/title/tt0114798/?ref_=fn_al_tt_1
954,http://www.imdb.com/title/tt0114805/?ref_=fn_al_tt_1
955,http://www.imdb.com/title/tt0112471/?ref_=fn_al_tt_1
956,http://www.imdb.com/title/tt0110684/?ref_=fn_al_tt_1
957,http://www.imdb.com/title/tt0105652/?ref_=fn_al_tt_1
959,http://www.imdb.com/title/tt0106677/?ref_=fn_al_tt_1
960,http://www.imdb.com/title/tt0107653/?ref_=fn_al_tt_1
961,http://www.imdb.com/title/tt0255451/?ref_=fn_al_tt_1
962,http://www.imdb.com/title/tt0108000/?ref_=fn_al_tt_1
963,http://www.imdb.com/title/tt0108181/?ref_=fn_al_tt_1
964,http://www.imdb.com/title/tt0113849/?ref_=fn_al_tt_1
965,http://www.imdb.com/title/tt0050419/?ref_=fn_al_tt_1
966,http://www.imdb.com/title/tt0050105/?ref_=fn_al_tt_1
967,http://www.imdb.com/title/tt0027893/?ref_=fn_al_tt_1
968,http://www.imdb.com/title/tt0041509/?ref_=fn_al_tt_1
969,http://www.imdb.com/title/tt0063819/?ref_=fn_al_tt_1
970,http://www.imdb.com/title/tt0102014/?ref_=fn_al_tt_1
971,http://www.imdb.com/title/tt0102426/?ref_=fn_al_tt_1
972,http://www.imdb.com/title/tt0105107/?ref_=fn_al_tt_1
973,http://www.imdb.com/title/tt0113212/?ref_=fn_al_tt_1
974,http://www.imdb.com/title/tt0116260/?ref_=fn_al_tt_1
975,http://www.imdb.com/title/tt0116287/?ref_=fn_al_tt_1
976,http://www.imdb.com/title/tt0117688/?ref_=fn_al_tt_1
977,http://www.imdb.com/title/tt0117774/?ref_=fn_al_tt_1
978,http://www.imdb.com/title/tt0116508/?ref_=fn_al_tt_1
979,http://www.imdb.com/title/tt6148556/?ref_=fn_al_tt_1
980,http://www.imdb.com/title/tt0117093/?ref_=fn_al_tt_1
981,http://www.imdb.com/title/tt0118927/?ref_=fn_al_tt_1
982,http://www.imdb.com/title/tt0117011/?ref_=fn_al_tt_1
983,http://www.imdb.com/title/tt0117473/?ref_=fn_al_tt_1
984,http://www.imdb.com/title/tt0120107/?ref_=fn_al_tt_1
985,http://www.imdb.com/title/tt6173172/?ref_=fn_al_tt_1
986,http://www.imdb.com/title/tt0120390/?ref_=fn_al_tt_1
987,http://www.imdb.com/title/tt0163964/?ref_=fn_al_tt_1
988,http://www.imdb.com/title/tt0118691/?ref_=fn_al_tt_1
989,http://www.imdb.com/title/tt0118829/?ref_=fn_al_tt_1
990,http://www.imdb.com/title/tt0118623/?ref_=fn_al_tt_1
991,http://www.imdb.com/title/tt0116762/?ref_=fn_al_tt_1
992,http://www.imdb.com/title/tt0116502/?ref_=fn_al_tt_1
993,http://www.imdb.com/title/tt0119282/?ref_=fn_al_tt_1
994,http://www.imdb.com/title/tt0119502/?ref_=fn_al_tt_1
995,http://www.imdb.com/title/tt0119465/?ref_=fn_al_tt_1
996,http://www.imdb.com/title/tt0112499/?ref_=fn_al_tt_1
997,http://www.imdb.com/title/tt0114571/?ref_=fn_al_tt_1
998,http://www.imdb.com/title/tt0109361/?ref_=fn_al_tt_1
999,http://www.imdb.com/title/tt0109443/?ref_=fn_al_tt_1
1000,http://www.imdb.com/title/tt0110353/?ref_=fn_al_tt_1
1001,http://www.imdb.com/title/tt0117768/?ref_=fn_al_tt_1
1002,http://www.imdb.com/title/tt1655606/?ref_=fn_al_tt_1
1003,http://www.imdb.com/title/tt0059793/?ref_=fn_al_tt_1
1004,http://www.imdb.com/title/tt0107004/?ref_=fn_al_tt_1
1005,http://www.imdb.com/title/tt0101765/?ref_=fn_al_tt_1
1006,http://www.imdb.com/title/tt0101458/?ref_=fn_al_tt_1
1007,http://www.imdb.com/title/tt0118111/?ref_=fn_al_tt_1
1008,http://www.imdb.com/title/tt0116594/?ref_=fn_al_tt_1
1009,http://www.imdb.com/title/tt0117737/?ref_=fn_al_tt_1
1010,http://www.imdb.com/title/tt0115632/?ref_=fn_al_tt_1
1011,http://www.imdb.com/title/tt0115438/?ref_=fn_al_tt_1
1012,http://www.imdb.com/title/tt0119951/?ref_=fn_al_tt_1
1013,http://www.imdb.com/title/tt0118615/?ref_=fn_al_tt_1
1014,http://www.imdb.com/title/tt0120032/?ref_=fn_al_tt_1
1015,http://www.imdb.com/title/tt6173324/?ref_=fn_al_tt_1
1016,http://www.imdb.com/title/tt0118880/?ref_=fn_al_tt_1
1017,http://www.imdb.com/title/tt0117958/?ref_=fn_al_tt_1
1018,http://www.imdb.com/title/tt0101026/?ref_=fn_al_tt_1
1019,http://www.imdb.com/title/tt0097202/?ref_=fn_al_tt_1
1020,http://www.imdb.com/title/tt0036855/?ref_=fn_al_tt_1
1021,http://www.imdb.com/title/tt1779227/?ref_=fn_al_tt_1
1022,http://www.imdb.com/title/tt0119107/?ref_=fn_al_tt_1
1023,http://www.imdb.com/title/tt0119109/?ref_=fn_al_tt_1
1024,http://www.imdb.com/title/tt0119723/?ref_=fn_al_tt_1
1025,http://www.imdb.com/title/tt0119123/?ref_=fn_al_tt_1
1026,http://www.imdb.com/title/tt0123953/?ref_=fn_al_tt_1
1027,http://www.imdb.com/title/tt0114432/?ref_=fn_al_tt_1
1028,http://www.imdb.com/title/tt0113228/?ref_=fn_al_tt_1
1029,http://www.imdb.com/title/tt0113500/?ref_=fn_al_tt_1
1030,http://www.imdb.com/title/tt0055662/?ref_=fn_al_tt_1
1031,http://www.imdb.com/title/tt0110305/?ref_=fn_al_tt_1
1032,http://www.imdb.com/title/tt0110363/?ref_=fn_al_tt_1
1033,http://www.imdb.com/title/tt0116552/?ref_=fn_al_tt_1
1034,http://www.imdb.com/title/tt1655606/?ref_=fn_al_tt_1
1035,http://www.imdb.com/title/tt0106611/?ref_=fn_al_tt_1
1036,http://www.imdb.com/title/tt0101775/?ref_=fn_al_tt_1
1037,http://www.imdb.com/title/tt0084021/?ref_=fn_al_tt_1
1038,http://www.imdb.com/title/tt0119210/?ref_=fn_al_tt_1
1039,http://www.imdb.com/title/tt0116477/?ref_=fn_al_tt_1
1040,http://www.imdb.com/title/tt0118002/?ref_=fn_al_tt_1
1041,http://www.imdb.com/title/tt0113097/?ref_=fn_al_tt_1
1042,http://www.imdb.com/title/tt0113501/?ref_=fn_al_tt_1
1043,http://www.imdb.com/title/tt0114268/?ref_=fn_al_tt_1
1044,http://www.imdb.com/title/tt0110771/?ref_=fn_al_tt_1
1045,http://www.imdb.com/title/tt0106881/?ref_=fn_al_tt_1
1046,http://www.imdb.com/title/tt0107497/?ref_=fn_al_tt_1
1047,http://www.imdb.com/title/tt0117108/?ref_=fn_al_tt_1
1048,http://www.imdb.com/title/tt0117628/?ref_=fn_al_tt_1
1049,http://www.imdb.com/title/tt0116571/?ref_=fn_al_tt_1
1050,http://www.imdb.com/title/tt0039420/?ref_=fn_al_tt_1
1051,http://www.imdb.com/title/tt0147760/?ref_=fn_al_tt_1
1052,http://www.imdb.com/title/tt0112896/?ref_=fn_al_tt_1
1053,http://www.imdb.com/title/tt0114011/?ref_=fn_al_tt_1
1054,http://www.imdb.com/title/tt0117102/?ref_=fn_al_tt_1
1055,http://www.imdb.com/title/tt0111194/?ref_=fn_al_tt_1
1057,http://www.imdb.com/title/tt0117283/?ref_=fn_al_tt_1
1058,http://www.imdb.com/title/tt2170668/?ref_=fn_al_tt_1
1059,http://www.imdb.com/title/tt0116126/?ref_=fn_al_tt_1
1060,http://www.imdb.com/title/tt0115472/?ref_=fn_al_tt_1
1061,http://www.imdb.com/title/tt0116240/?ref_=fn_al_tt_1
1062,http://www.imdb.com/title/tt0119815/?ref_=fn_al_tt_1
1063,http://www.imdb.com/title/tt0113670/?ref_=fn_al_tt_1
1064,http://www.imdb.com/title/tt0039286/?ref_=fn_al_tt_1
1065,http://www.imdb.com/title/tt0085809/?ref_=fn_al_tt_1
1066,http://www.imdb.com/title/tt0112453/?ref_=fn_al_tt_1
1067,http://www.imdb.com/title/tt0115734/?ref_=fn_al_tt_1
1069,http://www.imdb.com/title/tt0109093/?ref_=fn_al_tt_1
1070,http://www.imdb.com/title/tt0113677/?ref_=fn_al_tt_1
1071,http://www.imdb.com/title/tt0114095/?ref_=fn_al_tt_1
1072,http://www.imdb.com/title/tt0114210/?ref_=fn_al_tt_1
1073,http://www.imdb.com/title/tt0111149/?ref_=fn_al_tt_1
1074,http://www.imdb.com/title/tt0110950/?ref_=fn_al_tt_1
1075,http://www.imdb.com/title/tt0110455/?ref_=fn_al_tt_1
1076,http://www.imdb.com/title/tt0110763/?ref_=fn_al_tt_1
1077,http://www.imdb.com/title/tt0110395/?ref_=fn_al_tt_1
1078,http://www.imdb.com/title/tt0095776/?ref_=fn_al_tt_1
1079,http://www.imdb.com/title/tt0116707/?ref_=fn_al_tt_1
1080,http://www.imdb.com/title/tt0109485/?ref_=fn_al_tt_1
1081,http://www.imdb.com/title/tt0115994/?ref_=fn_al_tt_1
1082,http://www.imdb.com/title/tt0116293/?ref_=fn_al_tt_1
1083,http://www.imdb.com/title/tt0115495/?ref_=fn_al_tt_1
1084,http://www.imdb.com/title/tt0112373/?ref_=fn_al_tt_1
1085,http://www.imdb.com/title/tt0115837/?ref_=fn_al_tt_1
1086,http://www.imdb.com/title/tt0603482/?ref_=fn_al_tt_1
1087,http://www.imdb.com/title/tt0112536/?ref_=fn_al_tt_1
1088,http://www.imdb.com/title/tt0119013/?ref_=fn_al_tt_1
1089,http://www.imdb.com/title/tt0120179/?ref_=fn_al_tt_1
1090,http://www.imdb.com/title/tt0108162/?ref_=fn_al_tt_1
1091,http://www.imdb.com/title/tt0076538/?ref_=fn_al_tt_1
1092,http://www.imdb.com/title/tt0116059/?ref_=fn_al_tt_1
1093,http://www.imdb.com/title/tt0113674/?ref_=fn_al_tt_1
1094,http://www.imdb.com/title/tt0117891/?ref_=fn_al_tt_1
1095,http://www.imdb.com/title/tt0116531/?ref_=fn_al_tt_1
1096,http://www.imdb.com/title/tt0115927/?ref_=fn_al_tt_1
1097,http://www.imdb.com/title/tt0113247/?ref_=fn_al_tt_1
1098,http://www.imdb.com/title/tt0116324/?ref_=fn_al_tt_1
1099,http://www.imdb.com/title/tt0110769/?ref_=fn_al_tt_1
1100,http://www.imdb.com/title/tt0111689/?ref_=fn_al_tt_1
1101,http://www.imdb.com/title/tt0108149/?ref_=fn_al_tt_1
1102,http://www.imdb.com/title/tt0118001/?ref_=fn_al_tt_1
1103,http://www.imdb.com/title/tt0103130/?ref_=fn_al_tt_1
1104,http://www.imdb.com/title/tt0103905/?ref_=fn_al_tt_1
1105,http://www.imdb.com/title/tt0120670/?ref_=fn_al_tt_1
1106,http://www.imdb.com/title/tt0120769/?ref_=fn_al_tt_1
1107,http://www.imdb.com/title/tt0112495/?ref_=fn_al_tt_1
1108,http://www.imdb.com/title/tt0113044/?ref_=fn_al_tt_1
1109,http://www.imdb.com/title/tt0109579/?ref_=fn_al_tt_1
1110,http://www.imdb.com/title/tt0114614/?ref_=fn_al_tt_1
1111,http://www.imdb.com/title/tt0109655/?ref_=fn_al_tt_1
1112,http://www.imdb.com/title/tt0109450/?ref_=fn_al_tt_1
1113,http://www.imdb.com/title/tt0110588/?ref_=fn_al_tt_1
1114,http://www.imdb.com/title/tt0116269/?ref_=fn_al_tt_1
1115,http://www.imdb.com/title/tt0698921/?ref_=fn_al_tt_1
1116,http://www.imdb.com/title/tt0032762/?ref_=fn_al_tt_1
1117,http://www.imdb.com/title/tt0117791/?ref_=fn_al_tt_1
1118,http://www.imdb.com/title/tt0078446/?ref_=fn_al_tt_1
1119,http://www.imdb.com/title/tt0094006/?ref_=fn_al_tt_1
1120,http://www.imdb.com/title/tt0116601/?ref_=fn_al_tt_1
1121,http://www.imdb.com/title/tt0058450/?ref_=fn_al_tt_1
1122,http://www.imdb.com/title/tt0032022/?ref_=fn_al_tt_1
1123,http://www.imdb.com/title/tt0047162/?ref_=fn_al_tt_1
1124,http://www.imdb.com/title/tt0022879/?ref_=fn_al_tt_1
1125,http://www.imdb.com/title/tt0835044/?ref_=fn_al_tt_1
1126,http://www.imdb.com/title/tt3469902/?ref_=fn_al_tt_1
1127,http://www.imdb.com/title/tt0120382/?ref_=fn_al_tt_1
1128,http://www.imdb.com/title/tt0113283/?ref_=fn_al_tt_1
1129,http://www.imdb.com/title/tt0109424/?ref_=fn_al_tt_1
1130,http://www.imdb.com/title/tt0110217/?ref_=fn_al_tt_1
1131,http://www.imdb.com/title/tt0114323/?ref_=fn_al_tt_1
1132,http://www.imdb.com/title/tt0116289/?ref_=fn_al_tt_1
1133,http://www.imdb.com/title/tt0072951/?ref_=fn_al_tt_1
1134,http://www.imdb.com/title/tt0116404/?ref_=fn_al_tt_1
1135,http://www.imdb.com/title/tt0101761/?ref_=fn_al_tt_1
1136,http://www.imdb.com/title/tt0116410/?ref_=fn_al_tt_1
1137,http://www.imdb.com/title/tt0115640/?ref_=fn_al_tt_1
1138,http://www.imdb.com/title/tt0118702/?ref_=fn_al_tt_1
1139,http://www.imdb.com/title/tt0113243/?ref_=fn_al_tt_1
1140,http://www.imdb.com/title/tt6144064/?ref_=fn_al_tt_1
1141,http://www.imdb.com/title/tt0108515/?ref_=fn_al_tt_1
1142,http://www.imdb.com/title/tt0118147/?ref_=fn_al_tt_1
1143,http://www.imdb.com/title/tt0119256/?ref_=fn_al_tt_1
1144,http://www.imdb.com/title/tt0117422/?ref_=fn_al_tt_1
1145,http://www.imdb.com/title/tt0109305/?ref_=fn_al_tt_1
1146,http://www.imdb.com/title/tt0106505/?ref_=fn_al_tt_1
1147,http://www.imdb.com/title/tt0113896/?ref_=fn_al_tt_1
1148,http://www.imdb.com/title/tt0111454/?ref_=fn_al_tt_1
1149,http://www.imdb.com/title/tt0067959/?ref_=fn_al_tt_1
1150,http://www.imdb.com/title/tt0116827/?ref_=fn_al_tt_1
1151,http://www.imdb.com/title/tt0117260/?ref_=fn_al_tt_1
1152,http://www.imdb.com/title/tt0116621/?ref_=fn_al_tt_1
1154,http://www.imdb.com/title/tt0058898/?ref_=fn_al_tt_1
1155,http://www.imdb.com/title/tt0114266/?ref_=fn_al_tt_1
1156,http://www.imdb.com/title/tt0112767/?ref_=fn_al_tt_1
1157,http://www.imdb.com/title/tt0120004/?ref_=fn_al_tt_1
1158,http://www.imdb.com/title/tt0113057/?ref_=fn_al_tt_1
1159,http://www.imdb.com/title/tt0079944/?ref_=fn_al_tt_1
1160,http://www.imdb.com/title/tt0119578/?ref_=fn_al_tt_1
1161,http://www.imdb.com/title/tt0117284/?ref_=fn_al_tt_1
1162,http://www.imdb.com/title/tt0117332/?ref_=fn_al_tt_1
1163,http://www.imdb.com/title/tt0117364/?ref_=fn_al_tt_1
1164,http://www.imdb.com/title/tt0120550/?ref_=fn_al_tt_1
1165,http://www.imdb.com/title/tt0115676/?ref_=fn_al_tt_1
1166,http://www.imdb.com/title/tt0107447/?ref_=fn_al_tt_1
1167,http://www.imdb.com/title/tt0111309/?ref_=fn_al_tt_1
1168,http://www.imdb.com/title/tt0107426/?ref_=fn_al_tt_1
1169,http://www.imdb.com/title/tt0109842/?ref_=fn_al_tt_1
1170,http://www.imdb.com/title/tt0111252/?ref_=fn_al_tt_1
1171,http://www.imdb.com/title/tt0111019/?ref_=fn_al_tt_1
1172,http://www.imdb.com/title/tt3957702/?ref_=fn_al_tt_1
1173,http://www.imdb.com/title/tt0118742/?ref_=fn_al_tt_1
1174,http://www.imdb.com/title/tt0115847/?ref_=fn_al_tt_1
1175,http://www.imdb.com/title/tt0119327/?ref_=fn_al_tt_1
1176,http://www.imdb.com/title/tt0120490/?ref_=fn_al_tt_1
1177,http://www.imdb.com/title/tt0116151/?ref_=fn_al_tt_1
1179,http://www.imdb.com/title/tt0113755/?ref_=fn_al_tt_1
1180,http://www.imdb.com/title/tt0110093/?ref_=fn_al_tt_1
1181,http://www.imdb.com/title/tt0110399/?ref_=fn_al_tt_1
1182,http://www.imdb.com/title/tt0109480/?ref_=fn_al_tt_1
1183,http://www.imdb.com/title/tt0109493/?ref_=fn_al_tt_1
1184,http://www.imdb.com/title/tt6140852/?ref_=fn_al_tt_1
1185,http://www.imdb.com/title/tt0110123/?ref_=fn_al_tt_1
1186,http://www.imdb.com/title/tt0110137/?ref_=fn_al_tt_1
1187,http://www.imdb.com/title/tt0073778/?ref_=fn_al_tt_1
1188,http://www.imdb.com/title/tt0100994/?ref_=fn_al_tt_1
1189,http://www.imdb.com/title/tt0119937/?ref_=fn_al_tt_1
1190,http://www.imdb.com/title/tt0120318/?ref_=fn_al_tt_1
1191,http://www.imdb.com/title/tt0119521/?ref_=fn_al_tt_1
1193,http://www.imdb.com/title/tt0110882/?ref_=fn_al_tt_1
1194,http://www.imdb.com/title/tt0110729/?ref_=fn_al_tt_1
1195,http://www.imdb.com/title/tt0106966/?ref_=fn_al_tt_1
1196,http://www.imdb.com/title/tt0105032/?ref_=fn_al_tt_1
1197,http://www.imdb.com/title/tt0116275/?ref_=fn_al_tt_1
1198,http://www.imdb.com/title/tt0054189/?ref_=fn_al_tt_1
1199,http://www.imdb.com/title/tt2332155/?ref_=fn_al_tt_1
1200,http://www.imdb.com/title/tt0042644/?ref_=fn_al_tt_1
1201,http://www.imdb.com/title/tt0116992/?ref_=fn_al_tt_1
1202,http://www.imdb.com/title/tt0109255/?ref_=fn_al_tt_1
1203,http://www.imdb.com/title/tt0027125/?ref_=fn_al_tt_1
1204,http://www.imdb.com/title/tt0035446/?ref_=fn_al_tt_1
1205,http://www.imdb.com/title/tt0865124/?ref_=fn_al_tt_1
1206,http://www.imdb.com/title/tt0106266/?ref_=fn_al_tt_1
1207,http://www.imdb.com/title/tt0113451/?ref_=fn_al_tt_1
1208,http://www.imdb.com/title/tt0113552/?ref_=fn_al_tt_1
1209,http://www.imdb.com/title/tt0110538/?ref_=fn_al_tt_1
1210,http://www.imdb.com/title/tt0114857/?ref_=fn_al_tt_1
1211,http://www.imdb.com/title/tt0109306/?ref_=fn_al_tt_1
1212,http://www.imdb.com/title/tt0106926/?ref_=fn_al_tt_1
1213,http://www.imdb.com/title/tt0107057/?ref_=fn_al_tt_1
1214,http://www.imdb.com/title/tt0074102/?ref_=fn_al_tt_1
1215,http://www.imdb.com/title/tt0115624/?ref_=fn_al_tt_1
1216,http://www.imdb.com/title/tt0116783/?ref_=fn_al_tt_1
1217,http://www.imdb.com/title/tt0112401/?ref_=fn_al_tt_1
1218,http://www.imdb.com/title/tt0113118/?ref_=fn_al_tt_1
1219,http://www.imdb.com/title/tt0113198/?ref_=fn_al_tt_1
1220,http://www.imdb.com/title/tt0113305/?ref_=fn_al_tt_1
1221,http://www.imdb.com/title/tt0111693/?ref_=fn_al_tt_1
1222,http://www.imdb.com/title/tt0107286/?ref_=fn_al_tt_1
1223,http://www.imdb.com/title/tt0107322/?ref_=fn_al_tt_1
1224,http://www.imdb.com/title/tt0111094/?ref_=fn_al_tt_1
1225,http://www.imdb.com/title/tt0112368/?ref_=fn_al_tt_1
1226,http://www.imdb.com/title/tt0119783/?ref_=fn_al_tt_1
1227,http://www.imdb.com/title/tt0112427/?ref_=fn_al_tt_1
1228,http://www.imdb.com/title/tt0114781/?ref_=fn_al_tt_1
1229,http://www.imdb.com/title/tt0114151/?ref_=fn_al_tt_1
1230,http://www.imdb.com/title/tt0110907/?ref_=fn_al_tt_1
1231,http://www.imdb.com/title/tt0100114/?ref_=fn_al_tt_1
1232,http://www.imdb.com/title/tt0102370/?ref_=fn_al_tt_1
1233,http://www.imdb.com/title/tt0117221/?ref_=fn_al_tt_1
1234,http://www.imdb.com/title/tt0118836/?ref_=fn_al_tt_1
1235,http://www.imdb.com/title/tt1546669/?ref_=fn_al_tt_1
1236,http://www.imdb.com/title/tt0119845/?ref_=fn_al_tt_1
1237,http://www.imdb.com/title/tt0117994/?ref_=fn_al_tt_1
1238,http://www.imdb.com/title/tt0118230/?ref_=fn_al_tt_1
1239,http://www.imdb.com/title/tt0112760/?ref_=fn_al_tt_1
1240,http://www.imdb.com/title/tt0113568/?ref_=fn_al_tt_1
1241,http://www.imdb.com/title/tt0116583/?ref_=fn_al_tt_1
1242,http://www.imdb.com/title/tt0103207/?ref_=fn_al_tt_1
1243,http://www.imdb.com/title/tt0119784/?ref_=fn_al_tt_1
1244,http://www.imdb.com/title/tt0119664/?ref_=fn_al_tt_1
1245,http://www.imdb.com/title/tt0119225/?ref_=fn_al_tt_1
1246,http://www.imdb.com/title/tt0112602/?ref_=fn_al_tt_1
1247,http://www.imdb.com/title/tt0109198/?ref_=fn_al_tt_1
1248,http://www.imdb.com/title/tt6130672/?ref_=fn_al_tt_1
1249,http://www.imdb.com/title/tt0106941/?ref_=fn_al_tt_1
1250,http://www.imdb.com/title/tt0112483/?ref_=fn_al_tt_1
1251,http://www.imdb.com/title/tt0117050/?ref_=fn_al_tt_1
1252,http://www.imdb.com/title/tt0057345/?ref_=fn_al_tt_1
1253,http://www.imdb.com/title/tt0114666/?ref_=fn_al_tt_1
1254,http://www.imdb.com/title/tt0119214/?ref_=fn_al_tt_1
1255,http://www.imdb.com/title/tt0115760/?ref_=fn_al_tt_1
1256,http://www.imdb.com/title/tt0118964/?ref_=fn_al_tt_1
1257,http://www.imdb.com/title/tt0118964/?ref_=fn_al_tt_1
1258,http://www.imdb.com/title/tt0120373/?ref_=fn_al_tt_1
1259,http://www.imdb.com/title/tt0674772/?ref_=fn_al_tt_1
1260,http://www.imdb.com/title/tt0114702/?ref_=fn_al_tt_1
1261,http://www.imdb.com/title/tt6148958/?ref_=fn_al_tt_1
1262,http://www.imdb.com/title/tt0118113/?ref_=fn_al_tt_1
1263,http://www.imdb.com/title/tt0116353/?ref_=fn_al_tt_1
1264,http://www.imdb.com/title/tt0110693/?ref_=fn_al_tt_1
1265,http://www.imdb.com/title/tt0120197/?ref_=fn_al_tt_1
1267,http://www.imdb.com/title/tt0112688/?ref_=fn_al_tt_1
1268,http://www.imdb.com/title/tt0104779/?ref_=fn_al_tt_1
1269,http://www.imdb.com/title/tt0050658/?ref_=fn_al_tt_1
1270,http://www.imdb.com/title/tt0107413/?ref_=fn_al_tt_1
1271,http://www.imdb.com/title/tt0110687/?ref_=fn_al_tt_1
1272,http://www.imdb.com/title/tt0111357/?ref_=fn_al_tt_1
1273,http://www.imdb.com/title/tt0109456/?ref_=fn_al_tt_1
1274,http://www.imdb.com/title/tt0107978/?ref_=fn_al_tt_1
1275,http://www.imdb.com/title/tt0110259/?ref_=fn_al_tt_1
1276,http://www.imdb.com/title/tt0117784/?ref_=fn_al_tt_1
1277,http://www.imdb.com/title/tt0117603/?ref_=fn_al_tt_1
1278,http://www.imdb.com/title/tt0120094/?ref_=fn_al_tt_1
1279,http://www.imdb.com/title/tt0120512/?ref_=fn_al_tt_1
1280,http://www.imdb.com/title/tt0118900/?ref_=fn_al_tt_1
1281,http://www.imdb.com/title/tt0116985/?ref_=fn_al_tt_1
1282,http://www.imdb.com/title/tt0113211/?ref_=fn_al_tt_1
1283,http://www.imdb.com/title/tt0119848/?ref_=fn_al_tt_1
1284,http://www.imdb.com/title/tt0115645/?ref_=fn_al_tt_1
1285,http://www.imdb.com/title/tt0110892/?ref_=fn_al_tt_1
1286,http://www.imdb.com/title/tt0358135/?ref_=fn_al_tt_1
1287,http://www.imdb.com/title/tt0116165/?ref_=fn_al_tt_1
1288,http://www.imdb.com/title/tt0112844/?ref_=fn_al_tt_1
1289,http://www.imdb.com/title/tt0113448/?ref_=fn_al_tt_1
1290,http://www.imdb.com/title/tt0109491/?ref_=fn_al_tt_1
1291,http://www.imdb.com/title/tt0115851/?ref_=fn_al_tt_1
1292,http://www.imdb.com/title/tt0120133/?ref_=fn_al_tt_1
1293,http://www.imdb.com/title/tt0120478/?ref_=fn_al_tt_1
1294,http://www.imdb.com/title/tt0118662/?ref_=fn_al_tt_1
1295,http://www.imdb.com/title/tt0119457/?ref_=fn_al_tt_1
1296,http://www.imdb.com/title/tt0107212/?ref_=fn_al_tt_1
1297,http://www.imdb.com/title/tt0110391/?ref_=fn_al_tt_1
1298,http://www.imdb.com/title/tt0045537/?ref_=fn_al_tt_1
1299,http://www.imdb.com/title/tt0034012/?ref_=fn_al_tt_1
1300,http://www.imdb.com/title/tt0118523/?ref_=fn_al_tt_1
1301,http://www.imdb.com/title/tt0083131/?ref_=fn_al_tt_1
1302,http://www.imdb.com/title/tt0116834/?ref_=fn_al_tt_1
1303,http://www.imdb.com/title/tt0109890/?ref_=fn_al_tt_1
1305,http://www.imdb.com/title/tt0113936/?ref_=fn_al_tt_1
1306,http://www.imdb.com/title/tt0109593/?ref_=fn_al_tt_1
1307,http://www.imdb.com/title/tt0109381/?ref_=fn_al_tt_1
1308,http://www.imdb.com/title/tt0109191/?ref_=fn_al_tt_1
1309,http://www.imdb.com/title/tt0072362/?ref_=fn_al_tt_1
1310,http://www.imdb.com/title/tt0038235/?ref_=fn_al_tt_1
1311,http://www.imdb.com/title/tt0114885/?ref_=fn_al_tt_1
1312,http://www.imdb.com/title/tt6154608/?ref_=fn_al_tt_1
1313,http://www.imdb.com/title/tt0120782/?ref_=fn_al_tt_1
1314,http://www.imdb.com/title/tt0111323/?ref_=fn_al_tt_1
1315,http://www.imdb.com/title/tt0119381/?ref_=fn_al_tt_1
1316,http://www.imdb.com/title/tt0472232/?ref_=fn_al_tt_1
1317,http://www.imdb.com/title/tt0113490/?ref_=fn_al_tt_1
1318,http://www.imdb.com/title/tt0112646/?ref_=fn_al_tt_1
1319,http://www.imdb.com/title/tt0113952/?ref_=fn_al_tt_1
1320,http://www.imdb.com/title/tt0113319/?ref_=fn_al_tt_1
1321,http://www.imdb.com/title/tt1432733/?ref_=fn_al_tt_1
1322,http://www.imdb.com/title/tt0107642/?ref_=fn_al_tt_1
1323,http://www.imdb.com/title/tt0111752/?ref_=fn_al_tt_1
1324,http://www.imdb.com/title/tt0110374/?ref_=fn_al_tt_1
1325,http://www.imdb.com/title/tt0115591/?ref_=fn_al_tt_1
1326,http://www.imdb.com/title/tt0115742/?ref_=fn_al_tt_1
1327,http://www.imdb.com/title/tt0109374/?ref_=fn_al_tt_1
1328,http://www.imdb.com/title/tt0110712/?ref_=fn_al_tt_1
1329,http://www.imdb.com/title/tt0125877/?ref_=fn_al_tt_1
1330,http://www.imdb.com/title/tt0111546/?ref_=fn_al_tt_1
1331,http://www.imdb.com/title/tt0113610/?ref_=fn_al_tt_1
1332,http://www.imdb.com/title/tt0106810/?ref_=fn_al_tt_1
1333,http://www.imdb.com/title/tt0111180/?ref_=fn_al_tt_1
1334,http://www.imdb.com/title/tt0111237/?ref_=fn_al_tt_1
1335,http://www.imdb.com/title/tt0115530/?ref_=fn_al_tt_1
1336,http://www.imdb.com/title/tt0116756/?ref_=fn_al_tt_1
1337,http://www.imdb.com/title/tt0116823/?ref_=fn_al_tt_1
1338,http://www.imdb.com/title/tt0117999/?ref_=fn_al_tt_1
1339,http://www.imdb.com/title/tt0108220/?ref_=fn_al_tt_1
1340,http://www.imdb.com/title/tt0112746/?ref_=fn_al_tt_1
1341,http://www.imdb.com/title/tt0104403/?ref_=fn_al_tt_1
1342,http://www.imdb.com/title/tt0112716/?ref_=fn_al_tt_1
1343,http://www.imdb.com/title/tt0113695/?ref_=fn_al_tt_1
1346,http://www.imdb.com/title/tt0103428/?ref_=fn_al_tt_1
1347,http://www.imdb.com/title/tt0051980/?ref_=fn_al_tt_1
1348,http://www.imdb.com/title/tt6111598/?ref_=fn_al_tt_1
1349,http://www.imdb.com/title/tt0107575/?ref_=fn_al_tt_1
1350,http://www.imdb.com/title/tt0042054/?ref_=fn_al_tt_1
1352,http://www.imdb.com/title/tt0075169/?ref_=fn_al_tt_1
1353,http://www.imdb.com/title/tt0109001/?ref_=fn_al_tt_1
1354,http://www.imdb.com/title/tt0105729/?ref_=fn_al_tt_1
1355,http://www.imdb.com/title/tt0116635/?ref_=fn_al_tt_1
1356,http://www.imdb.com/title/tt0116167/?ref_=fn_al_tt_1
1357,http://www.imdb.com/title/tt0110665/?ref_=fn_al_tt_1
1358,http://www.imdb.com/title/tt0645145/?ref_=fn_al_tt_1
1360,http://www.imdb.com/title/tt0111622/?ref_=fn_al_tt_1
1361,http://www.imdb.com/title/tt0117577/?ref_=fn_al_tt_1
1362,http://www.imdb.com/title/tt0115531/?ref_=fn_al_tt_1
1363,http://www.imdb.com/title/tt0116859/?ref_=fn_al_tt_1
1365,http://www.imdb.com/title/tt4440776/?ref_=fn_al_tt_1
1366,http://www.imdb.com/title/tt0110173/?ref_=fn_al_tt_1
1367,http://www.imdb.com/title/tt0111959/?ref_=fn_al_tt_1
1368,http://www.imdb.com/title/tt0110521/?ref_=fn_al_tt_1
1370,http://www.imdb.com/title/tt0110171/?ref_=fn_al_tt_1
1371,http://www.imdb.com/title/tt0109575/?ref_=fn_al_tt_1
1372,http://www.imdb.com/title/tt0110809/?ref_=fn_al_tt_1
1373,http://www.imdb.com/title/tt0067152/?ref_=fn_al_tt_1
1374,http://www.imdb.com/title/tt0080714/?ref_=fn_al_tt_1
1375,http://www.imdb.com/title/tt0106535/?ref_=fn_al_tt_1
1376,http://www.imdb.com/title/tt0119644/?ref_=fn_al_tt_1
1377,http://www.imdb.com/title/tt0116565/?ref_=fn_al_tt_1
1378,http://www.imdb.com/title/tt0120014/?ref_=fn_al_tt_1
1379,http://www.imdb.com/title/tt0116931/?ref_=fn_al_tt_1
1380,http://www.imdb.com/title/tt0113314/?ref_=fn_al_tt_1
1381,http://www.imdb.com/title/tt0116920/?ref_=fn_al_tt_1
1382,http://www.imdb.com/title/tt0058985/?ref_=fn_al_tt_1
1383,http://www.imdb.com/title/tt0120087/?ref_=fn_al_tt_1
1384,http://www.imdb.com/title/tt0115680/?ref_=fn_al_tt_1
1385,http://www.imdb.com/title/tt0120034/?ref_=fn_al_tt_1
1386,http://www.imdb.com/title/tt0105569/?ref_=fn_al_tt_1
1387,http://www.imdb.com/title/tt0119098/?ref_=fn_al_tt_1
1388,http://www.imdb.com/title/tt0116384/?ref_=fn_al_tt_1
1389,http://www.imdb.com/title/tt0118163/?ref_=fn_al_tt_1
1391,http://www.imdb.com/title/tt0116334/?ref_=fn_al_tt_1
1392,http://www.imdb.com/title/tt0119557/?ref_=fn_al_tt_1
1393,http://www.imdb.com/title/tt0120192/?ref_=fn_al_tt_1
1394,http://www.imdb.com/title/tt0120257/?ref_=fn_al_tt_1
1395,http://www.imdb.com/title/tt0119338/?ref_=fn_al_tt_1
1396,http://www.imdb.com/title/tt0114550/?ref_=fn_al_tt_1
1397,http://www.imdb.com/title/tt0025586/?ref_=fn_al_tt_1
1398,http://www.imdb.com/title/tt2661954/?ref_=fn_al_tt_1
1399,http://www.imdb.com/title/tt0120222/?ref_=fn_al_tt_1
1400,http://www.imdb.com/title/tt0114129/?ref_=fn_al_tt_1
1401,http://www.imdb.com/title/tt0107468/?ref_=fn_al_tt_1
1402,http://www.imdb.com/title/tt0107225/?ref_=fn_al_tt_1
1404,http://www.imdb.com/title/tt0094336/?ref_=fn_al_tt_1
1405,http://www.imdb.com/title/tt0118762/?ref_=fn_al_tt_1
1406,http://www.imdb.com/title/tt0114916/?ref_=fn_al_tt_1
1407,http://www.imdb.com/title/tt0111255/?ref_=fn_al_tt_1
1408,http://www.imdb.com/title/tt0113199/?ref_=fn_al_tt_1
1409,http://www.imdb.com/title/tt0149215/?ref_=fn_al_tt_1
1410,http://www.imdb.com/title/tt0107079/?ref_=fn_al_tt_1
1411,http://www.imdb.com/title/tt0062711/?ref_=fn_al_tt_1
1412,http://www.imdb.com/title/tt0113596/?ref_=fn_al_tt_1
1413,http://www.imdb.com/title/tt0111301/?ref_=fn_al_tt_1
1414,http://www.imdb.com/title/tt0112702/?ref_=fn_al_tt_1
1415,http://www.imdb.com/title/tt0110657/?ref_=fn_al_tt_1
1416,http://www.imdb.com/title/tt0110678/?ref_=fn_al_tt_1
1417,http://www.imdb.com/title/tt0105660/?ref_=fn_al_tt_1
1418,http://www.imdb.com/title/tt1929928/?ref_=fn_al_tt_1
1419,http://www.imdb.com/title/tt6855528/?ref_=fn_al_tt_1
1421,http://www.imdb.com/title/tt0107566/?ref_=fn_al_tt_1
1422,http://www.imdb.com/title/tt0108260/?ref_=fn_al_tt_1
1423,http://www.imdb.com/title/tt7221066/?ref_=fn_al_tt_1
1424,http://www.imdb.com/title/tt0110091/?ref_=fn_al_tt_1
1425,http://www.imdb.com/title/tt0110097/?ref_=fn_al_tt_1
1426,http://www.imdb.com/title/tt0116442/?ref_=fn_al_tt_1
1427,http://www.imdb.com/title/tt0112907/?ref_=fn_al_tt_1
1428,http://www.imdb.com/title/tt6173150/?ref_=fn_al_tt_1
1429,http://www.imdb.com/title/tt0120148/?ref_=fn_al_tt_1
1430,http://www.imdb.com/title/tt0119352/?ref_=fn_al_tt_1
1431,http://www.imdb.com/title/tt0130073/?ref_=fn_al_tt_1
1432,http://www.imdb.com/title/tt0120751/?ref_=fn_al_tt_1
1433,http://www.imdb.com/title/tt0119655/?ref_=fn_al_tt_1
1434,http://www.imdb.com/title/tt0120122/?ref_=fn_al_tt_1
1435,http://www.imdb.com/title/tt0114536/?ref_=fn_al_tt_1
1436,http://www.imdb.com/title/tt0107611/?ref_=fn_al_tt_1
1437,http://www.imdb.com/title/tt0110064/?ref_=fn_al_tt_1
1438,http://www.imdb.com/title/tt0114084/?ref_=fn_al_tt_1
1439,http://www.imdb.com/title/tt0110186/?ref_=fn_al_tt_1
1440,http://www.imdb.com/title/tt0109035/?ref_=fn_al_tt_1
1441,http://www.imdb.com/title/tt0113851/?ref_=fn_al_tt_1
1442,http://www.imdb.com/title/tt4368688/?ref_=fn_al_tt_1
1443,http://www.imdb.com/title/tt0109021/?ref_=fn_al_tt_1
1444,http://www.imdb.com/title/tt0059793/?ref_=fn_al_tt_1
1445,http://www.imdb.com/title/tt0110296/?ref_=fn_al_tt_1
1446,http://www.imdb.com/title/tt0112606/?ref_=fn_al_tt_1
1447,http://www.imdb.com/title/tt0106537/?ref_=fn_al_tt_1
1448,http://www.imdb.com/title/tt0107471/?ref_=fn_al_tt_1
1449,http://www.imdb.com/title/tt0048473/?ref_=fn_al_tt_1
1450,http://www.imdb.com/title/tt0039428/?ref_=fn_al_tt_1
1451,http://www.imdb.com/title/tt0032484/?ref_=fn_al_tt_1
1452,http://www.imdb.com/title/tt0036094/?ref_=fn_al_tt_1
1453,http://www.imdb.com/title/tt0038300/?ref_=fn_al_tt_1
1454,http://www.imdb.com/title/tt0039152/?ref_=fn_al_tt_1
1455,http://www.imdb.com/title/tt0036241/?ref_=fn_al_tt_1
1456,http://www.imdb.com/title/tt0046414/?ref_=fn_al_tt_1
1457,http://www.imdb.com/title/tt0116928/?ref_=fn_al_tt_1
1458,http://www.imdb.com/title/tt0028757/?ref_=fn_al_tt_1
1459,http://www.imdb.com/title/tt0113731/?ref_=fn_al_tt_1
1460,http://www.imdb.com/title/tt0114472/?ref_=fn_al_tt_1
1461,http://www.imdb.com/title/tt0026465/?ref_=fn_al_tt_1
1462,http://www.imdb.com/title/tt0115491/?ref_=fn_al_tt_1
1463,http://www.imdb.com/title/tt0118804/?ref_=fn_al_tt_1
1464,http://www.imdb.com/title/tt0114534/?ref_=fn_al_tt_1
1465,http://www.imdb.com/title/tt0113612/?ref_=fn_al_tt_1
1466,http://www.imdb.com/title/tt0113774/?ref_=fn_al_tt_1
1467,http://www.imdb.com/title/tt0108026/?ref_=fn_al_tt_1
1468,http://www.imdb.com/title/tt0112757/?ref_=fn_al_tt_1
1469,http://www.imdb.com/title/tt0112302/?ref_=fn_al_tt_1
1470,http://www.imdb.com/title/tt0113234/?ref_=fn_al_tt_1
1471,http://www.imdb.com/title/tt0113303/?ref_=fn_al_tt_1
1472,http://www.imdb.com/title/tt0108500/?ref_=fn_al_tt_1
1473,http://www.imdb.com/title/tt3066194/?ref_=fn_al_tt_1
1474,http://www.imdb.com/title/tt0110671/?ref_=fn_al_tt_1
1475,http://www.imdb.com/title/tt0106408/?ref_=fn_al_tt_1
1476,http://www.imdb.com/title/tt0040723/?ref_=fn_al_tt_1
1477,http://www.imdb.com/title/tt0119791/?ref_=fn_al_tt_1
1478,http://www.imdb.com/title/tt0112819/?ref_=fn_al_tt_1
1479,http://www.imdb.com/title/tt0114241/?ref_=fn_al_tt_1
1480,http://www.imdb.com/title/tt0071607/?ref_=fn_al_tt_1
1481,http://www.imdb.com/title/tt0111048/?ref_=fn_al_tt_1
1482,http://www.imdb.com/title/tt0113147/?ref_=fn_al_tt_1
1483,http://www.imdb.com/title/tt0120744/?ref_=fn_al_tt_1
1484,http://www.imdb.com/title/tt6145980/?ref_=fn_al_tt_1
1485,http://www.imdb.com/title/tt0109454/?ref_=fn_al_tt_1
1486,http://www.imdb.com/title/tt0113173/?ref_=fn_al_tt_1
1487,http://www.imdb.com/title/tt0106834/?ref_=fn_al_tt_1
1488,http://www.imdb.com/title/tt0107002/?ref_=fn_al_tt_1
1489,http://www.imdb.com/title/tt0109403/?ref_=fn_al_tt_1
1490,http://www.imdb.com/title/tt0106878/?ref_=fn_al_tt_1
1491,http://www.imdb.com/title/tt0114706/?ref_=fn_al_tt_1
1492,http://www.imdb.com/title/tt0110719/?ref_=fn_al_tt_1
1493,http://www.imdb.com/title/tt0113839/?ref_=fn_al_tt_1
1494,http://www.imdb.com/title/tt0110570/?ref_=fn_al_tt_1
1495,http://www.imdb.com/title/tt0113080/?ref_=fn_al_tt_1
1496,http://www.imdb.com/title/tt0115836/?ref_=fn_al_tt_1
1497,http://www.imdb.com/title/tt2147657/?ref_=fn_al_tt_1
1498,http://www.imdb.com/title/tt0113031/?ref_=fn_al_tt_1
1499,http://www.imdb.com/title/tt2971774/?ref_=fn_al_tt_1
1500,http://www.imdb.com/title/tt0117550/?ref_=fn_al_tt_1
1502,http://www.imdb.com/title/tt0110623/?ref_=fn_al_tt_1
1503,http://www.imdb.com/title/tt0113188/?ref_=fn_al_tt_1
1504,http://www.imdb.com/title/tt0109255/?ref_=fn_al_tt_1
1505,http://www.imdb.com/title/tt0113542/?ref_=fn_al_tt_1
1506,http://www.imdb.com/title/tt0113947/?ref_=fn_al_tt_1
1507,http://www.imdb.com/title/tt0117968/?ref_=fn_al_tt_1
1508,http://www.imdb.com/title/tt7222308/?ref_=fn_al_tt_1
1509,http://www.imdb.com/title/tt0109891/?ref_=fn_al_tt_1
1510,http://www.imdb.com/title/tt0116953/?ref_=fn_al_tt_1
1511,http://www.imdb.com/title/tt0115886/?ref_=fn_al_tt_1
1512,http://www.imdb.com/title/tt0052572/?ref_=fn_al_tt_1
1513,http://www.imdb.com/title/tt0120190/?ref_=fn_al_tt_1
1514,http://www.imdb.com/title/tt0119019/?ref_=fn_al_tt_1
1515,http://www.imdb.com/title/tt0114952/?ref_=fn_al_tt_1
1517,http://www.imdb.com/title/tt0117427/?ref_=fn_al_tt_1
1518,http://www.imdb.com/title/tt0113691/?ref_=fn_al_tt_1
1519,http://www.imdb.com/title/tt0113967/?ref_=fn_al_tt_1
1520,http://www.imdb.com/title/tt0113043/?ref_=fn_al_tt_1
1521,http://www.imdb.com/title/tt0107613/?ref_=fn_al_tt_1
1522,http://www.imdb.com/title/tt0111488/?ref_=fn_al_tt_1
1523,http://www.imdb.com/title/tt0109920/?ref_=fn_al_tt_1
1524,http://www.imdb.com/title/tt0110246/?ref_=fn_al_tt_1
1525,http://www.imdb.com/title/tt0120772/?ref_=fn_al_tt_1
1526,http://www.imdb.com/title/tt0090329/?ref_=fn_al_tt_1
1527,http://www.imdb.com/title/tt0120820/?ref_=fn_al_tt_1
1528,http://www.imdb.com/title/tt0119809/?ref_=fn_al_tt_1
1529,http://www.imdb.com/title/tt0114787/?ref_=fn_al_tt_1
1530,http://www.imdb.com/title/tt0113463/?ref_=fn_al_tt_1
1531,http://www.imdb.com/title/tt0113028/?ref_=fn_al_tt_1
1532,http://www.imdb.com/title/tt0109828/?ref_=fn_al_tt_1
1533,http://www.imdb.com/title/tt0106678/?ref_=fn_al_tt_1
1534,http://www.imdb.com/title/tt0120394/?ref_=fn_al_tt_1
1537,http://www.imdb.com/title/tt0115951/?ref_=fn_al_tt_1
1538,http://www.imdb.com/title/tt0118586/?ref_=fn_al_tt_1
1539,http://www.imdb.com/title/tt2125042/?ref_=fn_al_tt_1
1540,http://www.imdb.com/title/tt0112342/?ref_=fn_al_tt_1
1541,http://www.imdb.com/title/tt0109226/?ref_=fn_al_tt_1
1542,http://www.imdb.com/title/tt4368688/?ref_=fn_al_tt_1
1543,http://www.imdb.com/title/tt0116714/?ref_=fn_al_tt_1
1544,http://www.imdb.com/title/tt0113442/?ref_=fn_al_tt_1
1545,http://www.imdb.com/title/tt0113107/?ref_=fn_al_tt_1
1546,http://www.imdb.com/title/tt0095555/?ref_=fn_al_tt_1
1547,http://www.imdb.com/title/tt0114436/?ref_=fn_al_tt_1
1548,http://www.imdb.com/title/tt0112727/?ref_=fn_al_tt_1
1549,http://www.imdb.com/title/tt0112899/?ref_=fn_al_tt_1
1550,http://www.imdb.com/title/tt0112854/?ref_=fn_al_tt_1
1551,http://www.imdb.com/title/tt0109906/?ref_=fn_al_tt_1
1552,http://www.imdb.com/title/tt0113360/?ref_=fn_al_tt_1
1553,http://www.imdb.com/title/tt4999878/?ref_=fn_al_tt_1
1554,http://www.imdb.com/title/tt0111054/?ref_=fn_al_tt_1
1555,http://www.imdb.com/title/tt0108069/?ref_=fn_al_tt_1
1556,http://www.imdb.com/title/tt0112712/?ref_=fn_al_tt_1
1558,http://www.imdb.com/title/tt0048956/?ref_=fn_al_tt_1
1559,http://www.imdb.com/title/tt0110061/?ref_=fn_al_tt_1
1560,http://www.imdb.com/title/tt0082206/?ref_=fn_al_tt_1
1561,http://www.imdb.com/title/tt0111430/?ref_=fn_al_tt_1
1564,http://www.imdb.com/title/tt0103095/?ref_=fn_al_tt_1
1565,http://www.imdb.com/title/tt0104046/?ref_=fn_al_tt_1
1566,http://www.imdb.com/title/tt0031612/?ref_=fn_al_tt_1
1567,http://www.imdb.com/title/tt0103926/?ref_=fn_al_tt_1
1568,http://www.imdb.com/title/tt0105737/?ref_=fn_al_tt_1
1570,http://www.imdb.com/title/tt0105201/?ref_=fn_al_tt_1
1571,http://www.imdb.com/title/tt0070820/?ref_=fn_al_tt_1
1572,http://www.imdb.com/title/tt0084898/?ref_=fn_al_tt_1
1573,http://www.imdb.com/title/tt0063715/?ref_=fn_al_tt_1
1574,http://www.imdb.com/title/tt0114122/?ref_=fn_al_tt_1
1575,http://www.imdb.com/title/tt0100990/?ref_=fn_al_tt_1
1576,http://www.imdb.com/title/tt0093199/?ref_=fn_al_tt_1
1577,http://www.imdb.com/title/tt0049521/?ref_=fn_al_tt_1
1578,http://www.imdb.com/title/tt0061495/?ref_=fn_al_tt_1
1579,http://www.imdb.com/title/tt0094822/?ref_=fn_al_tt_1
1580,http://www.imdb.com/title/tt0024252/?ref_=fn_al_tt_1
1581,http://www.imdb.com/title/tt0043140/?ref_=fn_al_tt_1
1582,http://www.imdb.com/title/tt0039881/?ref_=fn_al_tt_1
1583,http://www.imdb.com/title/tt0092281/?ref_=fn_al_tt_1
1584,http://www.imdb.com/title/tt3697948/?ref_=fn_al_tt_1
1585,http://www.imdb.com/title/tt0099028/?ref_=fn_al_tt_1
1587,http://www.imdb.com/title/tt0052287/?ref_=fn_al_tt_1
1588,http://www.imdb.com/title/tt0117544/?ref_=fn_al_tt_1
1589,http://www.imdb.com/title/tt0117561/?ref_=fn_al_tt_1
1590,http://www.imdb.com/title/tt1929993/?ref_=fn_al_tt_1
1592,http://www.imdb.com/title/tt3624934/?ref_=fn_al_tt_1
1593,http://www.imdb.com/title/tt0101692/?ref_=fn_al_tt_1
1594,http://www.imdb.com/title/tt0120661/?ref_=fn_al_tt_1
1595,http://www.imdb.com/title/tt0111173/?ref_=fn_al_tt_1
1596,http://www.imdb.com/title/tt0113948/?ref_=fn_al_tt_1
1597,http://www.imdb.com/title/tt0105275/?ref_=fn_al_tt_1
1598,http://www.imdb.com/title/tt0118859/?ref_=fn_al_tt_1
1599,http://www.imdb.com/title/tt0114494/?ref_=fn_al_tt_1
1600,http://www.imdb.com/title/tt0109949/?ref_=fn_al_tt_1
1601,http://www.imdb.com/title/tt0119819/?ref_=fn_al_tt_1
1602,http://www.imdb.com/title/tt0120793/?ref_=fn_al_tt_1
1603,http://www.imdb.com/title/tt0112364/?ref_=fn_al_tt_1
1604,http://www.imdb.com/title/tt0040427/?ref_=fn_al_tt_1
1605,http://www.imdb.com/title/tt0116930/?ref_=fn_al_tt_1
1606,http://www.imdb.com/title/tt0119527/?ref_=fn_al_tt_1
1607,http://www.imdb.com/title/tt0119338/?ref_=fn_al_tt_1
1608,http://www.imdb.com/title/tt0118787/?ref_=fn_al_tt_1
1609,http://www.imdb.com/title/tt0118663/?ref_=fn_al_tt_1
1610,http://www.imdb.com/title/tt0120383/?ref_=fn_al_tt_1
1611,http://www.imdb.com/title/tt0116643/?ref_=fn_al_tt_1
1612,http://www.imdb.com/title/tt4505598/?ref_=fn_al_tt_1
1613,http://www.imdb.com/title/tt0114690/?ref_=fn_al_tt_1
1614,http://www.imdb.com/title/tt0052126/?ref_=fn_al_tt_1
1615,http://www.imdb.com/title/tt0120479/?ref_=fn_al_tt_1
1616,http://www.imdb.com/title/tt0112849/?ref_=fn_al_tt_1
1617,http://www.imdb.com/title/tt0119327/?ref_=fn_al_tt_1
1618,http://www.imdb.com/title/tt0099939/?ref_=fn_al_tt_1
1619,http://www.imdb.com/title/tt0113720/?ref_=fn_al_tt_1
1620,http://www.imdb.com/title/tt0120142/?ref_=fn_al_tt_1
1621,http://www.imdb.com/title/tt0112604/?ref_=fn_al_tt_1
1622,http://www.imdb.com/title/tt0107779/?ref_=fn_al_tt_1
1623,http://www.imdb.com/title/tt0112769/?ref_=fn_al_tt_1
1624,http://www.imdb.com/title/tt0118744/?ref_=fn_al_tt_1
1625,http://www.imdb.com/title/tt0119791/?ref_=fn_al_tt_1
1626,http://www.imdb.com/title/tt0110251/?ref_=fn_al_tt_1
1627,http://www.imdb.com/title/tt0112126/?ref_=fn_al_tt_1
1628,http://www.imdb.com/title/tt0110299/?ref_=fn_al_tt_1
1629,http://www.imdb.com/title/tt0113973/?ref_=fn_al_tt_1
1631,http://www.imdb.com/title/tt0107349/?ref_=fn_al_tt_1
1632,http://www.imdb.com/title/tt0114671/?ref_=fn_al_tt_1
1635,http://www.imdb.com/title/tt0092123/?ref_=fn_al_tt_1
1636,http://www.imdb.com/title/tt0112586/?ref_=fn_al_tt_1
1637,http://www.imdb.com/title/tt0116418/?ref_=fn_al_tt_1
1638,http://www.imdb.com/title/tt0117202/?ref_=fn_al_tt_1
1640,http://www.imdb.com/title/tt0064222/?ref_=fn_al_tt_1
1641,http://www.imdb.com/title/tt0112777/?ref_=fn_al_tt_1
1642,http://www.imdb.com/title/tt0117690/?ref_=fn_al_tt_1
1643,http://www.imdb.com/title/tt0112362/?ref_=fn_al_tt_1
1644,http://www.imdb.com/title/tt0117775/?ref_=fn_al_tt_1
1645,http://www.imdb.com/title/tt6173702/?ref_=fn_al_tt_1
1646,http://www.imdb.com/title/tt0119657/?ref_=fn_al_tt_1
1647,http://www.imdb.com/title/tt0119250/?ref_=fn_al_tt_1
1648,http://www.imdb.com/title/tt0119780/?ref_=fn_al_tt_1
1649,http://www.imdb.com/title/tt0124295/?ref_=fn_al_tt_1
1650,http://www.imdb.com/title/tt6173702/?ref_=fn_al_tt_1
1651,http://www.imdb.com/title/tt0120176/?ref_=fn_al_tt_1
1652,http://www.imdb.com/title/tt0116295/?ref_=fn_al_tt_1
1653,http://www.imdb.com/title/tt0116212/?ref_=fn_al_tt_1
1654,http://www.imdb.com/title/tt0118836/?ref_=fn_al_tt_1
1655,http://www.imdb.com/title/tt4478446/?ref_=fn_al_tt_1
1656,http://www.imdb.com/title/tt0536773/?ref_=fn_al_tt_1
1657,http://www.imdb.com/title/tt0114618/?ref_=fn_al_tt_1
1658,http://www.imdb.com/title/tt0117773/?ref_=fn_al_tt_1
1659,http://www.imdb.com/title/tt0116405/?ref_=fn_al_tt_1
1661,http://www.imdb.com/title/tt0110649/?ref_=fn_al_tt_1
1662,http://www.imdb.com/title/tt0114303/?ref_=fn_al_tt_1
1663,http://www.imdb.com/title/tt0114007/?ref_=fn_al_tt_1
1664,http://www.imdb.com/title/tt0118541/?ref_=fn_al_tt_1
1665,http://www.imdb.com/title/tt0118783/?ref_=fn_al_tt_1
1666,http://www.imdb.com/title/tt0117482/?ref_=fn_al_tt_1
1667,http://www.imdb.com/title/tt7282010/?ref_=fn_al_tt_1
1668,http://www.imdb.com/title/tt0118127/?ref_=fn_al_tt_1
1669,http://www.imdb.com/title/tt0116949/?ref_=fn_al_tt_1
1670,http://www.imdb.com/title/tt0128690/?ref_=fn_al_tt_1
1672,http://www.imdb.com/title/tt0107315/?ref_=fn_al_tt_1
1673,http://www.imdb.com/title/tt0113827/?ref_=fn_al_tt_1
1674,http://www.imdb.com/title/tt0056215/?ref_=fn_al_tt_1
1675,http://www.imdb.com/title/tt0117781/?ref_=fn_al_tt_1
1676,http://www.imdb.com/title/tt0118117/?ref_=fn_al_tt_1
1677,http://www.imdb.com/title/tt0114592/?ref_=fn_al_tt_1
1678,http://www.imdb.com/title/tt0119711/?ref_=fn_al_tt_1
1679,http://www.imdb.com/title/tt0120594/?ref_=fn_al_tt_1
1680,http://www.imdb.com/title/tt0120148/?ref_=fn_al_tt_1
1681,http://www.imdb.com/title/tt0111804/?ref_=fn_al_tt_1
1682,http://www.imdb.com/title/tt0102855/?ref_=fn_al_tt_1
